device_time_stamp,system_time_stamp,left_gaze_point_on_display_area_x,left_gaze_point_on_display_area_y,left_gaze_point_in_user_coordinates_x,left_gaze_point_in_user_coordinates_y,left_gaze_point_in_user_coordinates_z,left_gaze_point_valid,left_gaze_point_available,left_pupil_diameter,left_pupil_valid,left_pupil_available,left_gaze_origin_in_user_coordinates_x,left_gaze_origin_in_user_coordinates_y,left_gaze_origin_in_user_coordinates_z,left_gaze_origin_valid,left_gaze_origin_available,left_eye_openness_diameter,left_eye_openness_valid,left_eye_openness_available,right_gaze_point_on_display_area_x,right_gaze_point_on_display_area_y,right_gaze_point_in_user_coordinates_x,right_gaze_point_in_user_coordinates_y,right_gaze_point_in_user_coordinates_z,right_gaze_point_valid,right_gaze_point_available,right_pupil_diameter,right_pupil_valid,right_pupil_available,right_gaze_origin_in_user_coordinates_x,right_gaze_origin_in_user_coordinates_y,right_gaze_origin_in_user_coordinates_z,right_gaze_origin_valid,right_gaze_origin_available,right_eye_openness_diameter,right_eye_openness_valid,right_eye_openness_available
2891813653,2942210832,0.4912415,0.4321376,-4.624483,169.29034,61.616585,TRUE,TRUE,3.2040253,TRUE,TRUE,-37.225685,-68.36525,656.60864,TRUE,TRUE,12.611145,TRUE,TRUE,0.50928867,0.4535691,4.904441,163.30908,59.439545,TRUE,TRUE,3.5317688,TRUE,TRUE,24.586792,-75.24177,659.7796,TRUE,TRUE,12.180511,TRUE,TRUE
2891821987,2942219166,0.49207705,0.43283427,-4.183309,169.09593,61.54579,TRUE,TRUE,3.1924438,TRUE,TRUE,-37.413364,-68.36645,656.5167,TRUE,TRUE,12.670944,TRUE,TRUE,0.5109187,0.45336717,5.7650833,163.36542,59.46007,TRUE,TRUE,3.5161285,TRUE,TRUE,24.411263,-75.25105,659.7401,TRUE,TRUE,11.5108795,TRUE,TRUE
2891830320,2942227499,0.4925867,0.43303013,-3.9141984,169.04126,61.525925,TRUE,TRUE,3.186142,TRUE,TRUE,-37.60864,-68.38373,656.4959,TRUE,TRUE,12.084198,TRUE,TRUE,0.51153874,0.449903,6.0924654,164.33224,59.811924,TRUE,TRUE,3.4996948,TRUE,TRUE,24.231398,-75.26164,659.6524,TRUE,TRUE,11.829239,TRUE,TRUE
2891838653,2942235833,0.4927406,0.43166894,-3.8329551,169.42116,61.664185,TRUE,TRUE,3.1694794,TRUE,TRUE,-37.786068,-68.410934,656.40485,TRUE,TRUE,12.63765,TRUE,TRUE,0.51200056,0.4513623,6.336335,163.92494,59.663715,TRUE,TRUE,3.4896393,TRUE,TRUE,24.039562,-75.27637,659.5188,TRUE,TRUE,12.155685,TRUE,TRUE
2891846987,2942244167,0.49553484,0.4434194,-2.3576086,166.14174,60.470547,TRUE,TRUE,3.149063,TRUE,TRUE,-37.9422,-68.47916,656.4374,TRUE,TRUE,12.861298,TRUE,TRUE,0.51079947,0.4688515,5.7021375,159.04395,57.887146,TRUE,TRUE,3.472229,TRUE,TRUE,23.864576,-75.33037,659.3077,TRUE,TRUE,12.220795,TRUE,TRUE
2891855320,2942252500,0.514013,0.482095,7.3988705,155.3478,56.54191,TRUE,TRUE,3.1452332,TRUE,TRUE,-38.04866,-68.56885,656.3026,TRUE,TRUE,12.595764,TRUE,TRUE,0.5351392,0.51336557,18.553524,146.62056,53.365417,TRUE,TRUE,3.4578705,TRUE,TRUE,23.69861,-75.40592,659.2923,TRUE,TRUE,11.834976,TRUE,TRUE
2891863653,2942260833,0.51018375,0.48261923,5.3770447,155.2015,56.48866,TRUE,TRUE,3.1266937,TRUE,TRUE,-38.19735,-68.6353,656.28625,TRUE,TRUE,12.616241,TRUE,TRUE,0.5313129,0.51769495,16.533209,145.41226,52.925644,TRUE,TRUE,3.4431152,TRUE,TRUE,23.509417,-75.45712,659.18024,TRUE,TRUE,12.567032,TRUE,TRUE
2891871987,2942269167,0.5047299,0.4757868,2.4974136,157.10834,57.18268,TRUE,TRUE,3.135086,TRUE,TRUE,-38.392864,-68.67695,656.1688,TRUE,TRUE,12.592224,TRUE,TRUE,0.5261821,0.5059775,13.824171,148.68246,54.115936,TRUE,TRUE,3.4435883,TRUE,TRUE,23.329578,-75.505936,659.1178,TRUE,TRUE,12.528198,TRUE,TRUE
2891880320,2942277500,0.50660694,0.47639024,3.4884396,156.93994,57.12138,TRUE,TRUE,3.1117554,TRUE,TRUE,-38.5931,-68.723366,656.0509,TRUE,TRUE,12.57428,TRUE,TRUE,0.525374,0.5042987,13.397476,149.151,54.286446,TRUE,TRUE,3.4409332,TRUE,TRUE,23.159721,-75.54931,659.0777,TRUE,TRUE,12.452347,TRUE,TRUE
2891888653,2942285833,0.5071428,0.47663027,3.7713883,156.87296,57.097004,TRUE,TRUE,3.102539,TRUE,TRUE,-38.780655,-68.77649,656.17755,TRUE,TRUE,12.620056,TRUE,TRUE,0.52679217,0.5027359,14.146244,149.58717,54.4452,TRUE,TRUE,3.4102783,TRUE,TRUE,22.99573,-75.57536,658.99036,TRUE,TRUE,12.437714,TRUE,TRUE
2891896987,2942294167,0.50838876,0.48295012,4.429287,155.10916,56.45505,TRUE,TRUE,3.099289,TRUE,TRUE,-38.94734,-68.81499,656.16064,TRUE,TRUE,12.527878,TRUE,TRUE,0.5264385,0.5057534,13.959524,148.74503,54.138718,TRUE,TRUE,3.4077454,TRUE,TRUE,22.8338,-75.61168,658.95026,TRUE,TRUE,12.546097,TRUE,TRUE
2891905320,2942302500,0.5094973,0.4789924,5.0145683,156.21371,56.857056,TRUE,TRUE,3.091858,TRUE,TRUE,-39.106514,-68.85286,656.0929,TRUE,TRUE,12.619064,TRUE,TRUE,0.52904844,0.5027497,15.337575,149.58331,54.44378,TRUE,TRUE,3.3934174,TRUE,TRUE,22.683289,-75.6519,658.98267,TRUE,TRUE,11.471207,TRUE,TRUE
2891913653,2942310833,0.51079047,0.48149723,5.6973915,155.51463,56.602646,TRUE,TRUE,3.0937347,TRUE,TRUE,-39.25526,-68.867874,656.00415,TRUE,TRUE,12.563599,TRUE,TRUE,0.5250856,0.50371236,13.245217,149.31467,54.346,TRUE,TRUE,3.385147,TRUE,TRUE,22.532585,-75.67488,658.89343,TRUE,TRUE,11.688904,TRUE,TRUE
2891921987,2942319167,0.50846076,0.48698395,4.4672995,153.98337,56.04529,TRUE,TRUE,3.0972595,TRUE,TRUE,-39.40146,-68.87668,656.03864,TRUE,TRUE,12.538193,TRUE,TRUE,0.52854735,0.50449896,15.073006,149.09511,54.266136,TRUE,TRUE,3.3806915,TRUE,TRUE,22.39616,-75.68555,658.85236,TRUE,TRUE,12.489502,TRUE,TRUE
2891930320,2942327500,0.51032394,0.48761326,5.451066,153.80772,55.98137,TRUE,TRUE,3.0824738,TRUE,TRUE,-39.5348,-68.866486,656.02185,TRUE,TRUE,12.489151,TRUE,TRUE,0.52463895,0.5020554,13.009365,149.77708,54.51435,TRUE,TRUE,3.373581,TRUE,TRUE,22.276585,-75.69546,658.906,TRUE,TRUE,12.0807495,TRUE,TRUE
2891938653,2942335833,0.50866646,0.48286238,4.5758696,155.13365,56.463932,TRUE,TRUE,3.0713348,TRUE,TRUE,-39.655796,-68.846725,656.08386,TRUE,TRUE,12.659134,TRUE,TRUE,0.5244808,0.5062996,12.92589,148.59259,54.08319,TRUE,TRUE,3.3727264,TRUE,TRUE,22.162943,-75.69081,658.9138,TRUE,TRUE,12.475479,TRUE,TRUE
2891946987,2942344167,0.5083136,0.4847046,4.3895893,154.61948,56.276855,TRUE,TRUE,3.0680542,TRUE,TRUE,-39.750557,-68.798996,656.0017,TRUE,TRUE,12.250427,TRUE,TRUE,0.5234419,0.5078032,12.377333,148.17294,53.930485,TRUE,TRUE,3.3631134,TRUE,TRUE,22.056362,-75.65732,658.82336,TRUE,TRUE,12.174301,TRUE,TRUE
2891955320,2942352500,0.5087031,0.48626608,4.5952835,154.18369,56.118214,TRUE,TRUE,3.0683289,TRUE,TRUE,-39.84263,-68.73366,655.9171,TRUE,TRUE,12.667374,TRUE,TRUE,0.52734005,0.5007134,14.435588,150.15163,54.65064,TRUE,TRUE,3.3547516,TRUE,TRUE,21.969307,-75.63099,658.9001,TRUE,TRUE,12.790115,TRUE,TRUE
2891963653,2942360833,0.5076398,0.48168176,4.0338373,155.46315,56.58385,TRUE,TRUE,3.0705566,TRUE,TRUE,-39.917606,-68.67553,656.0796,TRUE,TRUE,12.4921875,TRUE,TRUE,0.5273882,0.50636876,14.460971,148.57329,54.076168,TRUE,TRUE,3.3520203,TRUE,TRUE,21.899155,-75.57691,658.9274,TRUE,TRUE,12.014099,TRUE,TRUE
2891971987,2942369168,0.5109843,0.48594528,5.7997193,154.27325,56.15076,TRUE,TRUE,3.0596313,TRUE,TRUE,-39.971176,-68.58198,655.9765,TRUE,TRUE,12.603012,TRUE,TRUE,0.5254574,0.5036203,13.441498,149.34033,54.35534,TRUE,TRUE,3.3480682,TRUE,TRUE,21.840261,-75.51529,658.9071,TRUE,TRUE,12.397308,TRUE,TRUE
2891980320,2942377501,0.50914264,0.4803882,4.82732,155.82416,56.715237,TRUE,TRUE,3.0483246,TRUE,TRUE,-40.01512,-68.49261,656.02094,TRUE,TRUE,12.751907,TRUE,TRUE,0.5262398,0.5067989,13.854626,148.45325,54.032463,TRUE,TRUE,3.3394623,TRUE,TRUE,21.786942,-75.43522,658.86145,TRUE,TRUE,12.657654,TRUE,TRUE
2891988653,2942385834,0.50895816,0.47884834,4.729953,156.2539,56.87169,TRUE,TRUE,3.0455933,TRUE,TRUE,-40.046116,-68.39513,656.0658,TRUE,TRUE,12.741043,TRUE,TRUE,0.52310324,0.5030191,12.198505,149.50813,54.416428,TRUE,TRUE,3.3448792,TRUE,TRUE,21.762854,-75.37092,658.91235,TRUE,TRUE,12.209534,TRUE,TRUE
2891996987,2942394168,0.51137626,0.485007,6.006706,154.53513,56.246098,TRUE,TRUE,3.043274,TRUE,TRUE,-40.0665,-68.28638,656.0638,TRUE,TRUE,12.412704,TRUE,TRUE,0.5241438,0.5101353,12.747944,147.52208,53.693626,TRUE,TRUE,3.3391113,TRUE,TRUE,21.749962,-75.293495,659.05896,TRUE,TRUE,12.145645,TRUE,TRUE
2892005320,2942402501,0.51185846,0.48167878,6.2612476,155.46399,56.584198,TRUE,TRUE,3.037094,TRUE,TRUE,-40.074394,-68.17956,656.1113,TRUE,TRUE,12.720459,TRUE,TRUE,0.5239042,0.5035081,12.621429,149.37167,54.36676,TRUE,TRUE,3.336914,TRUE,TRUE,21.730988,-75.21927,659.11005,TRUE,TRUE,12.691467,TRUE,TRUE
2892013653,2942410834,0.51006603,0.48539245,5.314892,154.4275,56.206985,TRUE,TRUE,3.039505,TRUE,TRUE,-40.071857,-68.093414,656.1367,TRUE,TRUE,12.644424,TRUE,TRUE,0.5222633,0.51200235,11.755003,147.00102,53.503906,TRUE,TRUE,3.3280945,TRUE,TRUE,21.73341,-75.15156,659.1348,TRUE,TRUE,12.355713,TRUE,TRUE
2892021987,2942419168,0.513461,0.48466015,7.10743,154.6319,56.281357,TRUE,TRUE,3.0372467,TRUE,TRUE,-40.06929,-68.00888,656.1122,TRUE,TRUE,12.252869,TRUE,TRUE,0.52416724,0.5071132,12.760324,148.36551,54.000595,TRUE,TRUE,3.3274994,TRUE,TRUE,21.735176,-75.10422,659.15784,TRUE,TRUE,12.602188,TRUE,TRUE
2892030320,2942427501,0.51036173,0.48064607,5.4709864,155.75218,56.68911,TRUE,TRUE,3.0238953,TRUE,TRUE,-40.048813,-67.93585,656.1152,TRUE,TRUE,12.768265,TRUE,TRUE,0.5230698,0.5060519,12.180872,148.66168,54.108433,TRUE,TRUE,3.322235,TRUE,TRUE,21.745195,-75.05483,659.1824,TRUE,TRUE,12.692032,TRUE,TRUE
2892038653,2942435834,0.5096705,0.48275942,5.106036,155.16238,56.474396,TRUE,TRUE,3.0307007,TRUE,TRUE,-40.025448,-67.878105,656.04407,TRUE,TRUE,12.640945,TRUE,TRUE,0.52268517,0.5071596,11.977803,148.35258,53.995785,TRUE,TRUE,3.3047485,TRUE,TRUE,21.758677,-75.01589,659.1572,TRUE,TRUE,11.893005,TRUE,TRUE
2892046987,2942444168,0.5108702,0.48380876,5.7395,154.86954,56.367817,TRUE,TRUE,3.0312347,TRUE,TRUE,-40.002228,-67.82968,655.99744,TRUE,TRUE,12.698227,TRUE,TRUE,0.52501595,0.5008632,13.208433,150.10985,54.63542,TRUE,TRUE,3.3062286,TRUE,TRUE,21.773247,-74.994896,659.20605,TRUE,TRUE,11.499619,TRUE,TRUE
2892055320,2942452501,0.5095873,0.48279446,5.0620985,155.15259,56.47084,TRUE,TRUE,3.0258484,TRUE,TRUE,-39.976555,-67.79547,656.0011,TRUE,TRUE,12.738983,TRUE,TRUE,0.5239202,0.50425136,12.629878,149.16422,54.29126,TRUE,TRUE,3.300476,TRUE,TRUE,21.8004,-74.99182,659.2757,TRUE,TRUE,12.106857,TRUE,TRUE
2892063653,2942460834,0.51146716,0.4840501,6.054654,154.80217,56.343323,TRUE,TRUE,3.0306244,TRUE,TRUE,-39.945633,-67.76648,655.9559,TRUE,TRUE,12.7164,TRUE,TRUE,0.5255785,0.50162363,13.50548,149.89758,54.558174,TRUE,TRUE,3.2967072,TRUE,TRUE,21.828356,-74.97839,659.301,TRUE,TRUE,11.692825,TRUE,TRUE
2892071987,2942469168,0.5115087,0.48122293,6.0766096,155.5912,56.630486,TRUE,TRUE,3.016861,TRUE,TRUE,-39.920307,-67.75674,656.0547,TRUE,TRUE,12.642517,TRUE,TRUE,0.5239309,0.50366426,12.635507,149.32808,54.35092,TRUE,TRUE,3.2921753,TRUE,TRUE,21.863419,-74.97845,659.3721,TRUE,TRUE,12.405502,TRUE,TRUE
2892080320,2942477501,0.51053834,0.4801425,5.5642786,155.89275,56.74021,TRUE,TRUE,3.0201263,TRUE,TRUE,-39.87921,-67.74422,656.0119,TRUE,TRUE,12.046097,TRUE,TRUE,0.52534986,0.50305176,13.384721,149.49902,54.413162,TRUE,TRUE,3.2918854,TRUE,TRUE,21.894478,-74.97706,659.3712,TRUE,TRUE,12.517334,TRUE,TRUE
2892088653,2942485834,0.5096866,0.48191583,5.114514,155.39784,56.560085,TRUE,TRUE,3.0126495,TRUE,TRUE,-39.840446,-67.72648,655.94305,TRUE,TRUE,12.525848,TRUE,TRUE,0.52503335,0.50464904,13.217625,149.05322,54.25087,TRUE,TRUE,3.3038788,TRUE,TRUE,21.929274,-74.98245,659.44073,TRUE,TRUE,12.194504,TRUE,TRUE
2892096987,2942494168,0.51185095,0.4827077,6.257327,155.17682,56.47969,TRUE,TRUE,3.0115967,TRUE,TRUE,-39.807144,-67.71698,655.94696,TRUE,TRUE,12.699158,TRUE,TRUE,0.5243262,0.5031299,12.844239,149.47722,54.405205,TRUE,TRUE,3.2902222,TRUE,TRUE,21.971912,-74.96926,659.3641,TRUE,TRUE,11.825638,TRUE,TRUE
2892105320,2942502501,0.51126665,0.48155674,5.9488006,155.49803,56.59656,TRUE,TRUE,3.0123444,TRUE,TRUE,-39.771355,-67.71182,655.9984,TRUE,TRUE,12.410797,TRUE,TRUE,0.52600175,0.49945796,13.728939,150.50201,54.77816,TRUE,TRUE,3.275528,TRUE,TRUE,22.009195,-74.95751,659.462,TRUE,TRUE,12.569397,TRUE,TRUE
2892113653,2942510835,0.5085812,0.48149467,4.530888,155.51537,56.602882,TRUE,TRUE,3.0095215,TRUE,TRUE,-39.722267,-67.68772,655.85754,TRUE,TRUE,12.124298,TRUE,TRUE,0.5238182,0.50148815,12.576012,149.9354,54.571953,TRUE,TRUE,3.2727814,TRUE,TRUE,22.043678,-74.9506,659.4107,TRUE,TRUE,11.874008,TRUE,TRUE
2892121987,2942519169,0.5090804,0.483179,4.794468,155.04529,56.431755,TRUE,TRUE,3.0100708,TRUE,TRUE,-39.683723,-67.675514,655.86176,TRUE,TRUE,12.403519,TRUE,TRUE,0.52372146,0.50612324,12.524951,148.64178,54.101135,TRUE,TRUE,3.2808228,TRUE,TRUE,22.081663,-74.92706,659.31116,TRUE,TRUE,12.173065,TRUE,TRUE
2892130320,2942527502,0.5102354,0.48614427,5.4042954,154.21768,56.130634,TRUE,TRUE,3.0052338,TRUE,TRUE,-39.642345,-67.64972,655.768,TRUE,TRUE,12.61673,TRUE,TRUE,0.52368593,0.49865812,12.506206,150.72522,54.859383,TRUE,TRUE,3.2752838,TRUE,TRUE,22.12953,-74.919876,659.38153,TRUE,TRUE,12.189163,TRUE,TRUE
2892138653,2942535835,0.5114057,0.48634642,6.022237,154.16129,56.11004,TRUE,TRUE,3.0054474,TRUE,TRUE,-39.60409,-67.63733,655.8218,TRUE,TRUE,12.173584,TRUE,TRUE,0.52314085,0.5048884,12.218386,148.98645,54.22653,TRUE,TRUE,3.2716064,TRUE,TRUE,22.168787,-74.90522,659.35626,TRUE,TRUE,11.720673,TRUE,TRUE
2892146987,2942544169,0.5097104,0.4875865,5.127111,153.81519,55.98408,TRUE,TRUE,3.0065155,TRUE,TRUE,-39.562714,-67.62054,655.7285,TRUE,TRUE,12.221985,TRUE,TRUE,0.52740556,0.5029068,14.470142,149.53946,54.427887,TRUE,TRUE,3.2552643,TRUE,TRUE,22.2007,-74.88687,659.28186,TRUE,TRUE,11.48204,TRUE,TRUE
2892155320,2942552502,0.5100517,0.4856164,5.3073125,154.36504,56.18421,TRUE,TRUE,2.9999847,TRUE,TRUE,-39.51891,-67.6069,655.5868,TRUE,TRUE,12.404648,TRUE,TRUE,0.5256569,0.5048661,13.546869,148.99265,54.228848,TRUE,TRUE,3.2591858,TRUE,TRUE,22.244759,-74.88001,659.27875,TRUE,TRUE,12.422592,TRUE,TRUE
2892163653,2942560835,0.5122641,0.48594263,6.475419,154.27399,56.151077,TRUE,TRUE,2.9940033,TRUE,TRUE,-39.483116,-67.61403,655.63855,TRUE,TRUE,12.716003,TRUE,TRUE,0.524606,0.5035789,12.992006,149.3519,54.359596,TRUE,TRUE,3.2569427,TRUE,TRUE,22.293926,-74.87106,659.2746,TRUE,TRUE,12.460159,TRUE,TRUE
2892171987,2942569169,0.51055,0.48546982,5.570401,154.40594,56.19908,TRUE,TRUE,2.9968872,TRUE,TRUE,-39.447247,-67.61964,655.64465,TRUE,TRUE,12.237122,TRUE,TRUE,0.5260087,0.49990675,13.732604,150.37675,54.732594,TRUE,TRUE,3.2515717,TRUE,TRUE,22.32676,-74.85495,659.1516,TRUE,TRUE,11.195038,TRUE,TRUE
2892180320,2942577502,0.5096351,0.48575383,5.087359,154.32666,56.170277,TRUE,TRUE,2.9940643,TRUE,TRUE,-39.40594,-67.62553,655.5263,TRUE,TRUE,12.156021,TRUE,TRUE,0.5255759,0.5023238,13.504065,149.70218,54.48708,TRUE,TRUE,3.2496338,TRUE,TRUE,22.361813,-74.83609,659.0746,TRUE,TRUE,11.829651,TRUE,TRUE
2892188653,2942585835,0.50963426,0.4861722,5.086912,154.20993000000001,56.12769,TRUE,TRUE,2.9907227,TRUE,TRUE,-39.375046,-67.63364,655.4334,TRUE,TRUE,12.491348,TRUE,TRUE,0.52502507,0.5016702,13.213242,149.88463,54.55343,TRUE,TRUE,3.239975,TRUE,TRUE,22.39833,-74.82424,659.04785,TRUE,TRUE,12.565903,TRUE,TRUE
2892196987,2942594169,0.5111943,0.4826045,5.910584,155.20563,56.49015,TRUE,TRUE,2.9892426,TRUE,TRUE,-39.34964,-67.65404,655.4604,TRUE,TRUE,12.81456,TRUE,TRUE,0.5267769,0.5011251,14.138224,150.03671,54.60884,TRUE,TRUE,3.2414703,TRUE,TRUE,22.431376,-74.819305,659.07153,TRUE,TRUE,11.825058,TRUE,TRUE
2892205320,2942602502,0.5118016,0.48954743,6.231258,153.26791,55.784874,TRUE,TRUE,2.989029,TRUE,TRUE,-39.323715,-67.66537,655.39154,TRUE,TRUE,12.246384,TRUE,TRUE,0.52615297,0.50041,13.808796,150.23633,54.681435,TRUE,TRUE,3.241272,TRUE,TRUE,22.460785,-74.79652,659.02124,TRUE,TRUE,11.450424,TRUE,TRUE
2892213653,2942610835,0.5112672,0.48570615,5.949065,154.33997,56.175133,TRUE,TRUE,2.9884186,TRUE,TRUE,-39.3005,-67.67082,655.3164,TRUE,TRUE,12.577332,TRUE,TRUE,0.52516353,0.5014183,13.286371,149.9549,54.579033,TRUE,TRUE,3.235794,TRUE,TRUE,22.484274,-74.76392,658.8488,TRUE,TRUE,12.307709,TRUE,TRUE
2892221987,2942619169,0.51215583,0.4889832,6.4182596,153.4254,55.8422,TRUE,TRUE,2.9871674,TRUE,TRUE,-39.282455,-67.68009,655.25,TRUE,TRUE,12.502502,TRUE,TRUE,0.52550966,0.5019618,13.46913,149.80322,54.523766,TRUE,TRUE,3.2345276,TRUE,TRUE,22.500843,-74.74292,658.77527,TRUE,TRUE,12.0673065,TRUE,TRUE
2892230320,2942627502,0.5109,0.48580748,5.755233,154.3117,56.164783,TRUE,TRUE,2.9802246,TRUE,TRUE,-39.274925,-67.69201,655.2733,TRUE,TRUE,12.320694,TRUE,TRUE,0.5232698,0.50414604,12.286456,149.19362,54.301952,TRUE,TRUE,3.2348785,TRUE,TRUE,22.521378,-74.71348,658.79846,TRUE,TRUE,12.248932,TRUE,TRUE
2892238653,2942635835,0.51194763,0.48836786,6.3083873,153.59712,55.9047,TRUE,TRUE,2.9875336,TRUE,TRUE,-39.272346,-67.69196,655.3218,TRUE,TRUE,12.150894,TRUE,TRUE,0.5250177,0.50980014,13.209345,147.61562,53.72766,TRUE,TRUE,3.2328033,TRUE,TRUE,22.537432,-74.68101,658.7475,TRUE,TRUE,11.803986,TRUE,TRUE
2892246987,2942644169,0.5111871,0.4856571,5.906789,154.35367,56.18003,TRUE,TRUE,2.9798431,TRUE,TRUE,-39.269855,-67.690796,655.3474,TRUE,TRUE,12.143677,TRUE,TRUE,0.52521116,0.50333583,13.311515,149.41975,54.384224,TRUE,TRUE,3.2223663,TRUE,TRUE,22.552479,-74.65669,658.77313,TRUE,TRUE,11.8003235,TRUE,TRUE
2892255320,2942652503,0.51159054,0.48709178,6.119832,153.95326,56.034348,TRUE,TRUE,2.9740906,TRUE,TRUE,-39.26733,-67.69174,655.39685,TRUE,TRUE,12.628571,TRUE,TRUE,0.5253704,0.50213915,13.395603,149.75372,54.505836,TRUE,TRUE,3.2162323,TRUE,TRUE,22.56326,-74.62909,658.7481,TRUE,TRUE,12.498779,TRUE,TRUE
2892263653,2942660836,0.511193,0.49062306,5.909897,152.96773,55.67562,TRUE,TRUE,2.9763947,TRUE,TRUE,-39.264595,-67.69115,655.3947,TRUE,TRUE,12.492065,TRUE,TRUE,0.5257151,0.50584936,13.577588,148.71823,54.128952,TRUE,TRUE,3.2236938,TRUE,TRUE,22.57246,-74.59889,658.64905,TRUE,TRUE,12.014893,TRUE,TRUE
2892271987,2942669170,0.51220894,0.4876626,6.446335,153.79395,55.976326,TRUE,TRUE,2.9799652,TRUE,TRUE,-39.264744,-67.68867,655.419,TRUE,TRUE,12.774963,TRUE,TRUE,0.52359545,0.5028644,12.458414,149.5513,54.432198,TRUE,TRUE,3.2202759,TRUE,TRUE,22.58194,-74.56521,658.55005,TRUE,TRUE,12.338379,TRUE,TRUE
2892280320,2942677503,0.50990665,0.48720977,5.230727,153.92035,56.022343,TRUE,TRUE,2.9739685,TRUE,TRUE,-39.262142,-67.6864,655.42065,TRUE,TRUE,12.293472,TRUE,TRUE,0.5227965,0.50825,12.036575,148.04826,53.885075,TRUE,TRUE,3.2318268,TRUE,TRUE,22.590912,-74.54138,658.47675,TRUE,TRUE,12.90419,TRUE,TRUE
2892288653,2942685836,0.51002574,0.4901769,5.2936153,153.09224,55.720943,TRUE,TRUE,2.9695435,TRUE,TRUE,-39.264805,-67.70027,655.49475,TRUE,TRUE,12.3242035,TRUE,TRUE,0.5241907,0.5046277,12.7727165,149.05919,54.253044,TRUE,TRUE,3.211731,TRUE,TRUE,22.59893,-74.52721,658.451,TRUE,TRUE,11.926315,TRUE,TRUE
2892296987,2942694170,0.5100385,0.4877265,5.3003306,153.7761,55.969925,TRUE,TRUE,2.9722595,TRUE,TRUE,-39.25973,-67.717026,655.49426,TRUE,TRUE,12.99501,TRUE,TRUE,0.523404,0.5052406,12.357347,148.88815,54.190735,TRUE,TRUE,3.225006,TRUE,TRUE,22.610262,-74.52167,658.40375,TRUE,TRUE,12.418884,TRUE,TRUE
2892305320,2942702503,0.51051706,0.49013394,5.5530286,153.10423,55.725338,TRUE,TRUE,2.979538,TRUE,TRUE,-39.254524,-67.74841,655.4953,TRUE,TRUE,12.713013,TRUE,TRUE,0.52543545,0.5022785,13.42993,149.71483,54.49167,TRUE,TRUE,3.2048798,TRUE,TRUE,22.619713,-74.523155,658.28,TRUE,TRUE,12.0321045,TRUE,TRUE
2892313653,2942710836,0.5110004,0.4845411,5.808222,154.66515,56.29344,TRUE,TRUE,2.9711914,TRUE,TRUE,-39.249493,-67.789406,655.4474,TRUE,TRUE,12.284836,TRUE,TRUE,0.52507824,0.5029264,13.241293,149.53401,54.42586,TRUE,TRUE,3.2171173,TRUE,TRUE,22.632582,-74.55521,658.27905,TRUE,TRUE,12.174255,TRUE,TRUE
2892321987,2942719170,0.5109784,0.4859914,5.7965956,154.2604,56.146095,TRUE,TRUE,2.9646606,TRUE,TRUE,-39.24441,-67.85099,655.49567,TRUE,TRUE,12.186279,TRUE,TRUE,0.5257812,0.5053724,13.612486,148.85135,54.177383,TRUE,TRUE,3.2128143,TRUE,TRUE,22.648552,-74.59941,658.2544,TRUE,TRUE,12.289749,TRUE,TRUE
2892330320,2942727503,0.51129454,0.48624587,5.963526,154.18933,56.120304,TRUE,TRUE,2.9678497,TRUE,TRUE,-39.23938,-67.9231,655.5468,TRUE,TRUE,12.384201,TRUE,TRUE,0.5246301,0.5076544,13.004733,148.21445,53.945602,TRUE,TRUE,3.2100067,TRUE,TRUE,22.66785,-74.66235,658.1804,TRUE,TRUE,12.234756,TRUE,TRUE
2892338653,2942735836,0.5139587,0.4835667,7.3701878,154.93706,56.39246,TRUE,TRUE,2.9657898,TRUE,TRUE,-39.229218,-68.007576,655.5696,TRUE,TRUE,12.792557,TRUE,TRUE,0.5237245,0.5044402,12.52655,149.11154,54.272114,TRUE,TRUE,3.2120361,TRUE,TRUE,22.693045,-74.74791,658.2272,TRUE,TRUE,12.283081,TRUE,TRUE
2892346987,2942744170,0.51263845,0.4864369,6.6731186,154.13602,56.10087,TRUE,TRUE,2.966919,TRUE,TRUE,-39.208614,-68.10547,655.5737,TRUE,TRUE,12.391922,TRUE,TRUE,0.5237583,0.5034602,12.544413,149.38504,54.371582,TRUE,TRUE,3.206894,TRUE,TRUE,22.719168,-74.84799,658.20166,TRUE,TRUE,11.78447,TRUE,TRUE
2892355320,2942752503,0.5125266,0.48111597,6.6140337,155.62105,56.641346,TRUE,TRUE,2.9585114,TRUE,TRUE,-39.177826,-68.20508,655.4555,TRUE,TRUE,12.2043,TRUE,TRUE,0.52236456,0.50439,11.808516,149.12553,54.2772,TRUE,TRUE,3.2169037,TRUE,TRUE,22.743805,-74.95875,658.1263,TRUE,TRUE,11.628006,TRUE,TRUE
2892363653,2942760836,0.51124346,0.4848496,5.9365573,154.57904,56.2621,TRUE,TRUE,2.9651642,TRUE,TRUE,-39.15212,-68.33025,655.55383,TRUE,TRUE,12.699326,TRUE,TRUE,0.5236953,0.5042721,12.511115,149.15845,54.28916,TRUE,TRUE,3.2086792,TRUE,TRUE,22.769138,-75.083466,657.9776,TRUE,TRUE,12.349014,TRUE,TRUE
2892371987,2942769170,0.5116886,0.48888493,6.17157,153.45282,55.852177,TRUE,TRUE,2.9612885,TRUE,TRUE,-39.113457,-68.44988,655.5353,TRUE,TRUE,12.208435,TRUE,TRUE,0.52215374,0.50389373,11.697189,149.26404,54.327583,TRUE,TRUE,3.2120209,TRUE,TRUE,22.802444,-75.23037,658.0017,TRUE,TRUE,12.450211,TRUE,TRUE
2892380320,2942777503,0.51243937,0.4878686,6.567957,153.73647,55.95546,TRUE,TRUE,2.9548798,TRUE,TRUE,-39.087852,-68.58854,655.5617,TRUE,TRUE,12.824402,TRUE,TRUE,0.5252927,0.5050699,13.354559,148.93579,54.208138,TRUE,TRUE,3.2144012,TRUE,TRUE,22.83857,-75.387276,657.97253,TRUE,TRUE,12.094284,TRUE,TRUE
2892388653,2942785837,0.51416767,0.487747,7.4805384,153.77039,55.967793,TRUE,TRUE,2.9757233,TRUE,TRUE,-39.04676,-68.73939,655.51544,TRUE,TRUE,12.410858,TRUE,TRUE,0.5226562,0.50275725,11.962511,149.5812,54.443027,TRUE,TRUE,3.2035675,TRUE,TRUE,22.875496,-75.55842,657.94775,TRUE,TRUE,11.764755,TRUE,TRUE
2892396987,2942794171,0.51096773,0.48451328,5.790943,154.67291,56.29622,TRUE,TRUE,2.9559326,TRUE,TRUE,-39.00576,-68.90784,655.5692,TRUE,TRUE,12.335159,TRUE,TRUE,0.5225587,0.5021645,11.91098,149.74664,54.503273,TRUE,TRUE,3.1994781,TRUE,TRUE,22.906544,-75.74635,657.9448,TRUE,TRUE,12.203934,TRUE,TRUE
2892405320,2942802504,0.5110908,0.49235806,5.855961,152.48352,55.49938,TRUE,TRUE,2.9710999,TRUE,TRUE,-38.96966,-69.072784,655.6456,TRUE,TRUE,12.6453705,TRUE,TRUE,0.5254844,0.5091653,13.4557495,147.79279,53.792152,TRUE,TRUE,3.2204285,TRUE,TRUE,22.939325,-75.93445,657.82153,TRUE,TRUE,12.30986,TRUE,TRUE
2892413653,2942810837,0.5140392,0.4868121,7.4127398,154.03134,56.062725,TRUE,TRUE,2.958084,TRUE,TRUE,-38.93149,-69.26076,655.7229,TRUE,TRUE,12.462097,TRUE,TRUE,0.52126586,0.5072424,11.228381,148.32947,53.987427,TRUE,TRUE,3.2089539,TRUE,TRUE,22.988148,-76.14767,657.841,TRUE,TRUE,12.604599,TRUE,TRUE
2892421987,2942819171,0.5105614,0.4879694,5.5764303,153.70833,55.945198,TRUE,TRUE,2.9674377,TRUE,TRUE,-38.874825,-69.447174,655.75305,TRUE,TRUE,12.259659,TRUE,TRUE,0.52038044,0.50665736,10.760891,148.49274,54.046837,TRUE,TRUE,3.2262726,TRUE,TRUE,23.031845,-76.36722,657.86383,TRUE,TRUE,13.028442,TRUE,TRUE
2892430320,2942827504,0.51171273,0.4866168,6.1843033,154.08585,56.082573,TRUE,TRUE,2.9619904,TRUE,TRUE,-38.83136,-69.64528,655.7827,TRUE,TRUE,13.110611,TRUE,TRUE,0.5278876,0.5061331,14.724611,148.63907,54.100098,TRUE,TRUE,3.214981,TRUE,TRUE,23.06853,-76.59801,657.95886,TRUE,TRUE,12.352295,TRUE,TRUE
2892438653,2942835837,0.5135927,0.4885262,7.17696,153.55292,55.88866,TRUE,TRUE,2.964569,TRUE,TRUE,-38.79291,-69.84758,655.9094,TRUE,TRUE,12.565796,TRUE,TRUE,0.5242326,0.50832295,12.794846,148.02791,53.87761,TRUE,TRUE,3.2210693,TRUE,TRUE,23.116879,-76.826324,658.0023,TRUE,TRUE,12.380951,TRUE,TRUE
2892446987,2942844171,0.5128473,0.4892935,6.7834063,153.33879,55.810646,TRUE,TRUE,2.9689636,TRUE,TRUE,-38.738903,-70.04244,655.9872,TRUE,TRUE,12.320084,TRUE,TRUE,0.52064514,0.50799286,10.900637,148.12001,53.911194,TRUE,TRUE,3.2260437,TRUE,TRUE,23.160145,-77.045746,658.0738,TRUE,TRUE,12.653,TRUE,TRUE
2892455320,2942852504,0.5124117,0.48825318,6.5534096,153.62915,55.916344,TRUE,TRUE,2.9693756,TRUE,TRUE,-38.697777,-70.224686,656.0387,TRUE,TRUE,12.946365,TRUE,TRUE,0.52451795,0.5082712,12.945513,148.04233,53.88291,TRUE,TRUE,3.2128906,TRUE,TRUE,23.194302,-77.24215,658.022,TRUE,TRUE,12.501205,TRUE,TRUE
2892463653,2942860837,0.51054144,0.48723292,5.565904,153.91388,56.02001,TRUE,TRUE,2.9671936,TRUE,TRUE,-38.659454,-70.41646,656.23987,TRUE,TRUE,12.446457,TRUE,TRUE,0.52667,0.50788313,14.081768,148.15065,53.922325,TRUE,TRUE,3.2252502,TRUE,TRUE,23.229614,-77.46263,658.21423,TRUE,TRUE,12.444778,TRUE,TRUE
2892471987,2942869171,0.50985897,0.4857872,5.205553,154.31738000000001,56.16681,TRUE,TRUE,2.9575958,TRUE,TRUE,-38.62087,-70.57511,656.31714,TRUE,TRUE,12.761658,TRUE,TRUE,0.52109045,0.5148827,11.13575,146.19717,53.211338,TRUE,TRUE,3.2388153,TRUE,TRUE,23.267628,-77.64607,658.3101,TRUE,TRUE,12.147324,TRUE,TRUE
2892480320,2942877504,0.5119655,0.4897496,6.3178005,153.21149,55.764366,TRUE,TRUE,2.9707947,TRUE,TRUE,-38.58742,-70.72511,656.39435,TRUE,TRUE,12.755814,TRUE,TRUE,0.5217569,0.5141183,11.487632,146.41049,53.288963,TRUE,TRUE,3.2282867,TRUE,TRUE,23.297523,-77.80219,658.38086,TRUE,TRUE,11.857437,TRUE,TRUE
2892488653,2942885837,0.50799775,0.47238278,4.222827,158.05836,57.528496,TRUE,TRUE,2.973175,TRUE,TRUE,-38.564743,-70.82114,656.51544,TRUE,TRUE,12.296082,TRUE,TRUE,0.5205469,0.50184550000000006,10.848761,149.83566,54.535706,TRUE,TRUE,3.2319336,TRUE,TRUE,23.298164,-77.91524,658.5037,TRUE,TRUE,11.561081,TRUE,TRUE
2892496987,2942894171,0.4960097,0.44634902,-2.106862,165.3241,60.17296,TRUE,TRUE,2.9795837,TRUE,TRUE,-38.565933,-70.90483,656.83466,TRUE,TRUE,12.786804,TRUE,TRUE,0.5119738,0.47386634,6.3221655,157.64435,57.377724,TRUE,TRUE,3.2353973,TRUE,TRUE,23.271248,-78.01105,658.74915,TRUE,TRUE,11.571823,TRUE,TRUE
2892505320,2942902504,0.49996758,0.449494,-0.017116219,164.4464,59.85347,TRUE,TRUE,2.9663239,TRUE,TRUE,-38.534977,-70.95369,656.91046,TRUE,TRUE,12.631332,TRUE,TRUE,0.51179385,0.4730698,6.227131,157.86665,57.45871,TRUE,TRUE,3.242981,TRUE,TRUE,23.258642,-78.07778,658.8956,TRUE,TRUE,12.488907,TRUE,TRUE
2892513653,2942910837,0.5045152,0.45190522,2.3840299,163.77345,59.60855,TRUE,TRUE,2.9722595,TRUE,TRUE,-38.524605,-70.99929,657.03424,TRUE,TRUE,12.987961,TRUE,TRUE,0.5128367,0.4741124,6.777784,157.57567,57.352768,TRUE,TRUE,3.2433777,TRUE,TRUE,23.274555,-78.1316,659.0413,TRUE,TRUE,13.180527,TRUE,TRUE
2892521987,2942919171,0.50362617,0.45289513,1.9146305,163.49716,59.508,TRUE,TRUE,2.9725037,TRUE,TRUE,-38.51936,-71.01897,657.1318,TRUE,TRUE,12.947586,TRUE,TRUE,0.5121912,0.48205948,6.4369617,155.35773,56.545464,TRUE,TRUE,3.255066,TRUE,TRUE,23.295782,-78.15753,659.18616,TRUE,TRUE,12.018463,TRUE,TRUE
2892530320,2942927505,0.50335836,0.45626688,1.7732332,162.55614,59.165527,TRUE,TRUE,2.9798737,TRUE,TRUE,-38.52702,-71.00832,657.3517,TRUE,TRUE,12.525314,TRUE,TRUE,0.51423836,0.47976243,7.5178423,155.99881,56.778824,TRUE,TRUE,3.256363,TRUE,TRUE,23.303959,-78.151566,659.33344,TRUE,TRUE,11.816193,TRUE,TRUE
2892538653,2942935838,0.5030615,0.45481998,1.6164672,162.95998,59.31246,TRUE,TRUE,2.9875488,TRUE,TRUE,-38.532276,-70.96887,657.547,TRUE,TRUE,12.572586,TRUE,TRUE,0.51390886,0.4784511,7.343889,156.3648,56.91203,TRUE,TRUE,3.2544556,TRUE,TRUE,23.304976,-78.107956,659.43207,TRUE,TRUE,12.062317,TRUE,TRUE
2892546987,2942944172,0.5027286,0.45488566,1.4407098,162.94162,59.305843,TRUE,TRUE,2.9817505,TRUE,TRUE,-38.532265,-70.88794,657.69464,TRUE,TRUE,13.018539,TRUE,TRUE,0.5126437,0.47976166,6.6758704,155.99902,56.778923,TRUE,TRUE,3.265274,TRUE,TRUE,23.302567,-78.0305,659.6028,TRUE,TRUE,12.32634,TRUE,TRUE
2892555320,2942952505,0.5034375,0.45601958,1.8150333,162.62515,59.19067,TRUE,TRUE,2.9913177,TRUE,TRUE,-38.55034,-70.80084,657.9131,TRUE,TRUE,12.657135,TRUE,TRUE,0.51361006,0.4847322,7.186137,154.61177,56.274033,TRUE,TRUE,3.2705688,TRUE,TRUE,23.29081,-77.91917,659.7019,TRUE,TRUE,11.915817,TRUE,TRUE
2892563653,2942960838,0.5016501,0.45649922,0.8712398,162.49132,59.14189,TRUE,TRUE,2.9937744,TRUE,TRUE,-38.565765,-70.683655,658.08234,TRUE,TRUE,13.16774,TRUE,TRUE,0.51224935,0.48470724,6.4676533,154.61877,56.27655,TRUE,TRUE,3.2738342,TRUE,TRUE,23.283524,-77.79607,659.8503,TRUE,TRUE,12.609695,TRUE,TRUE
2892571987,2942969172,0.50262153,0.45528463,1.3841946999999999,162.83026,59.265312,TRUE,TRUE,2.995102,TRUE,TRUE,-38.586544,-70.54115,658.2284,TRUE,TRUE,12.468933,TRUE,TRUE,0.5103229,0.48338404,5.450508,154.98807,56.410934,TRUE,TRUE,3.288391,TRUE,TRUE,23.270111,-77.64789,660.0724,TRUE,TRUE,12.26358,TRUE,TRUE
2892580320,2942977505,0.50283206,0.4581651,1.4953029,162.02636999999999,58.972717,TRUE,TRUE,3.0066223,TRUE,TRUE,-38.609528,-70.371605,658.3701,TRUE,TRUE,12.598511,TRUE,TRUE,0.5114451,0.48997256,6.0430403,153.14929,55.74164,TRUE,TRUE,3.294983,TRUE,TRUE,23.253601,-77.48602,660.2943,TRUE,TRUE,12.282196,TRUE,TRUE
2892588653,2942985838,0.50319624,0.457828,1.6876014,162.12047,59.00688,TRUE,TRUE,3.003189,TRUE,TRUE,-38.630177,-70.18973,658.46643,TRUE,TRUE,12.779709,TRUE,TRUE,0.50992525,0.48038727,5.24057,155.82443,56.7153,TRUE,TRUE,3.294815,TRUE,TRUE,23.235031,-77.28777,660.32,TRUE,TRUE,12.02034,TRUE,TRUE
2892596987,2942994172,0.502093,0.45591593,1.1051162,162.6541,59.201202,TRUE,TRUE,2.9933014,TRUE,TRUE,-38.653534,-70.00733,658.61444,TRUE,TRUE,12.188461,TRUE,TRUE,0.5098862,0.48486584,5.2199316,154.5745,56.26042,TRUE,TRUE,3.2927856,TRUE,TRUE,23.213251,-77.0848,660.3949,TRUE,TRUE,12.444214,TRUE,TRUE
2892605320,2943002505,0.5035581,0.4600462,1.8786776,161.50137,58.781635,TRUE,TRUE,2.9989777,TRUE,TRUE,-38.676643,-69.80423,658.70935,TRUE,TRUE,13.112671,TRUE,TRUE,0.5115413,0.48469537,6.0938177,154.62204,56.277756,TRUE,TRUE,3.3059998,TRUE,TRUE,23.191935,-76.88034,660.59393,TRUE,TRUE,11.794937,TRUE,TRUE
2892613653,2943010838,0.5027206,0.45622483,1.4364946,162.56786,59.16981,TRUE,TRUE,2.995636,TRUE,TRUE,-38.707817,-69.6176,658.92725,TRUE,TRUE,12.823227,TRUE,TRUE,0.51327467,0.4842875,7.0090303,154.73589,56.319237,TRUE,TRUE,3.295807,TRUE,TRUE,23.16157,-76.67268,660.71924,TRUE,TRUE,12.55423,TRUE,TRUE
2892621987,2943019172,0.502768,0.4628808,1.4615015,160.71027,58.49369,TRUE,TRUE,3.0154877,TRUE,TRUE,-38.7437,-69.41861,659.02014,TRUE,TRUE,12.691757,TRUE,TRUE,0.5106838,0.48691484,5.641057,154.00266,56.052303,TRUE,TRUE,3.3167877,TRUE,TRUE,23.132648,-76.45177,660.7716,TRUE,TRUE,12.355652,TRUE,TRUE
2892630320,2943027505,0.5016587,0.45669758,0.87579215,162.43593,59.121777,TRUE,TRUE,3.007309,TRUE,TRUE,-38.78279,-69.23125,659.23785,TRUE,TRUE,12.638443,TRUE,TRUE,0.50992393,0.4850763,5.239829,154.51578,56.239048,TRUE,TRUE,3.3035736,TRUE,TRUE,23.102718,-76.24327,660.8706,TRUE,TRUE,11.925446,TRUE,TRUE
2892638653,2943035838,0.50180984,0.45871508,0.95559144,161.87288,58.91677,TRUE,TRUE,3.0069427,TRUE,TRUE,-38.82138,-69.0448,659.3052,TRUE,TRUE,12.948837,TRUE,TRUE,0.511847,0.4865062,6.255233,154.11673,56.09378,TRUE,TRUE,3.298172,TRUE,TRUE,23.06428,-76.048775,660.9966,TRUE,TRUE,12.669678,TRUE,TRUE
2892646987,2943044173,0.5029601,0.46038234,1.5629241,161.40756,58.74745,TRUE,TRUE,3.0145264,TRUE,TRUE,-38.868027,-68.87218,659.4757,TRUE,TRUE,13.319489,TRUE,TRUE,0.51183593,0.48831308,6.249363,153.61244,55.910255,TRUE,TRUE,3.307251,TRUE,TRUE,23.017736,-75.84955,661.0006,TRUE,TRUE,12.235489,TRUE,TRUE
2892655320,2943052506,0.5038624,0.46407998,2.039336,160.37558,58.371887,TRUE,TRUE,3.012848,TRUE,TRUE,-38.90901,-68.69261,659.3727,TRUE,TRUE,12.814621,TRUE,TRUE,0.5119528,0.4867244,6.3111105,154.0558,56.071625,TRUE,TRUE,3.3070984,TRUE,TRUE,22.980135,-75.6836,661.07367,TRUE,TRUE,12.860611,TRUE,TRUE
2892663653,2943060839,0.5016942,0.45807463,0.8945654,162.05162,58.981895,TRUE,TRUE,3.0083466,TRUE,TRUE,-38.95842,-68.56272,659.6111,TRUE,TRUE,13.065811,TRUE,TRUE,0.5124595,0.4855519,6.5786424,154.38306,56.190727,TRUE,TRUE,3.3167114,TRUE,TRUE,22.933311,-75.53841,661.25146,TRUE,TRUE,12.989075,TRUE,TRUE
2892671987,2943069173,0.5032439,0.45663595,1.712787,162.45312,59.12802,TRUE,TRUE,3.0139465,TRUE,TRUE,-39.020706,-68.45391,659.8031,TRUE,TRUE,12.64473,TRUE,TRUE,0.51214576,0.48142415,6.41297,155.53505,56.610023,TRUE,TRUE,3.3241424999999998,TRUE,TRUE,22.879757,-75.39287,661.206,TRUE,TRUE,12.285522,TRUE,TRUE
2892680320,2943077506,0.5023836,0.45700237,1.2585248,162.35089,59.090775,TRUE,TRUE,3.010971,TRUE,TRUE,-39.072243,-68.35046,659.74927,TRUE,TRUE,12.687897,TRUE,TRUE,0.5116719,0.48122728,6.162754,155.58997,56.630104,TRUE,TRUE,3.3264313,TRUE,TRUE,22.8311,-75.28058,661.3306,TRUE,TRUE,12.4891205,TRUE,TRUE
2892688653,2943085840,0.5033826,0.4597158,1.7860192,161.5936,58.815186,TRUE,TRUE,3.0216827,TRUE,TRUE,-39.136917,-68.2742,659.91473,TRUE,TRUE,11.9982605,TRUE,TRUE,0.51156247,0.4801839,6.104997,155.8812,56.735977,TRUE,TRUE,3.3164673,TRUE,TRUE,22.769533,-75.175835,661.28406,TRUE,TRUE,11.597504,TRUE,TRUE
2892696987,2943094174,0.5007027,0.4565891,0.37103426,162.46622,59.13276,TRUE,TRUE,3.0109253,TRUE,TRUE,-39.201477,-68.219406,659.95685,TRUE,TRUE,12.453033,TRUE,TRUE,0.5129761,0.4852152,6.8513794,154.477,56.224957,TRUE,TRUE,3.3405762,TRUE,TRUE,22.701277,-75.10706,661.33844,TRUE,TRUE,12.534714,TRUE,TRUE
2892705320,2943102507,0.50358486,0.45847374,1.8928137,161.94022,58.94139,TRUE,TRUE,3.0200958,TRUE,TRUE,-39.27388,-68.19127,660.04736,TRUE,TRUE,12.694199,TRUE,TRUE,0.5128676,0.48155028,6.7941103,155.49983,56.59725,TRUE,TRUE,3.3339386,TRUE,TRUE,22.639217,-75.0645,661.4886,TRUE,TRUE,12.034378,TRUE,TRUE
2892713653,2943110840,0.5011663,0.45757744,0.6158134,162.19037,59.032433,TRUE,TRUE,3.0241394,TRUE,TRUE,-39.346504,-68.18764,660.2382,TRUE,TRUE,12.887344,TRUE,TRUE,0.5115068,0.48764926,6.0756145,153.79771,55.977634,TRUE,TRUE,3.3528137,TRUE,TRUE,22.567196,-75.02755,661.4706,TRUE,TRUE,11.990799,TRUE,TRUE
2892721987,2943119174,0.50181377,0.4617021,0.95767254,161.03923,58.613396,TRUE,TRUE,3.026245,TRUE,TRUE,-39.421127,-68.18006,660.20514,TRUE,TRUE,12.675735,TRUE,TRUE,0.51155496,0.48147,6.101024,155.52226,56.605385,TRUE,TRUE,3.347763,TRUE,TRUE,22.500256,-75.01535,661.5963,TRUE,TRUE,12.8919525,TRUE,TRUE
2892730320,2943127507,0.501134,0.46296507,0.59877145,160.68674,58.48514,TRUE,TRUE,3.0246277,TRUE,TRUE,-39.50158,-68.20549,660.44385,TRUE,TRUE,12.753906,TRUE,TRUE,0.51292896,0.4816259,6.826479,155.47874,56.58953,TRUE,TRUE,3.3526306,TRUE,TRUE,22.419212,-75.01132,661.62445,TRUE,TRUE,12.622208,TRUE,TRUE
2892738653,2943135840,0.5035654,0.45859435,1.8825378,161.90656,58.929123,TRUE,TRUE,3.0258636,TRUE,TRUE,-39.579247,-68.22171,660.4602,TRUE,TRUE,13.044922,TRUE,TRUE,0.5122401,0.48528218,6.462812,154.4583,56.218163,TRUE,TRUE,3.35997,TRUE,TRUE,22.345478,-75.008675,661.7024,TRUE,TRUE,11.56604,TRUE,TRUE
2892746987,2943144174,0.50243115,0.4617395,1.2836503,161.02881,58.60957,TRUE,TRUE,3.0354004,TRUE,TRUE,-39.656906,-68.252975,660.62213,TRUE,TRUE,12.581985,TRUE,TRUE,0.5120629,0.4841323,6.369247,154.77924,56.3349,TRUE,TRUE,3.3658752,TRUE,TRUE,22.270771,-75.02168,661.83057,TRUE,TRUE,12.74353,TRUE,TRUE
2892755320,2943152507,0.5019157,0.46024752,1.0114883,161.44518,58.761192,TRUE,TRUE,3.0249481,TRUE,TRUE,-39.729523,-68.28032,660.7158,TRUE,TRUE,12.261887,TRUE,TRUE,0.51212287,0.47812837,6.40089,156.45483,56.94481,TRUE,TRUE,3.3572845,TRUE,TRUE,22.202545,-75.023415,661.8839,TRUE,TRUE,11.767212,TRUE,TRUE
2892763653,2943160840,0.5037023,0.4621417,1.9547862,160.91652,58.5688,TRUE,TRUE,3.0350799999999998,TRUE,TRUE,-39.809887,-68.31499,660.8545,TRUE,TRUE,12.900772,TRUE,TRUE,0.5108176,0.48433477,5.71171,154.72272,56.31436,TRUE,TRUE,3.3682404,TRUE,TRUE,22.125599,-75.045746,661.9864,TRUE,TRUE,12.37561,TRUE,TRUE
2892771987,2943169174,0.5028614,0.46617183,1.5108376,159.79176,58.159416,TRUE,TRUE,3.0369263,TRUE,TRUE,-39.887783,-68.354645,661.0702,TRUE,TRUE,12.9879,TRUE,TRUE,0.51345503,0.48535854,7.104278,154.43701,56.21039,TRUE,TRUE,3.361969,TRUE,TRUE,22.051676,-75.060776,662.0659,TRUE,TRUE,12.285736,TRUE,TRUE
2892780320,2943177507,0.5020652,0.46524137,1.090448,160.05147,58.253902,TRUE,TRUE,3.0355835,TRUE,TRUE,-39.955036,-68.38745,661.0867,TRUE,TRUE,12.162796,TRUE,TRUE,0.51158655,0.4843648,6.1177073,154.71431,56.31138,TRUE,TRUE,3.367218,TRUE,TRUE,21.983238,-75.08104,662.1181,TRUE,TRUE,12.30632,TRUE,TRUE
2892788653,2943185840,0.5020304,0.46179765,1.072056,161.01257,58.6037,TRUE,TRUE,3.0353851,TRUE,TRUE,-40.030594,-68.42924,661.2982,TRUE,TRUE,12.3172455,TRUE,TRUE,0.5121873,0.48978996,6.4349093,153.20024,55.760223,TRUE,TRUE,3.3803253,TRUE,TRUE,21.912960000000002,-75.0949,662.2949,TRUE,TRUE,12.226944,TRUE,TRUE
2892796987,2943194174,0.5008962,0.4635725,0.4732262,160.51723,58.42343,TRUE,TRUE,3.035553,TRUE,TRUE,-40.105904,-68.46088,661.4157,TRUE,TRUE,12.736481,TRUE,TRUE,0.51193774,0.48503053,6.3031073,154.52853,56.243732,TRUE,TRUE,3.370041,TRUE,TRUE,21.839361,-75.09923,662.34656,TRUE,TRUE,12.386642,TRUE,TRUE
2892805320,2943202507,0.501368,0.4654128,0.7223143,160.00363,58.236435,TRUE,TRUE,3.0372925,TRUE,TRUE,-40.17073,-68.478455,661.5082,TRUE,TRUE,12.182831,TRUE,TRUE,0.5106977,0.48973387,5.648412,153.21588,55.765945,TRUE,TRUE,3.3899841,TRUE,TRUE,21.773764,-75.11325,662.549,TRUE,TRUE,12.915848,TRUE,TRUE
2892813653,2943210840,0.50233936,0.4651906,1.2352252,160.06564,58.259033,TRUE,TRUE,3.0456696,TRUE,TRUE,-40.246376,-68.50468,661.72284,TRUE,TRUE,13.222778,TRUE,TRUE,0.51101816,0.4857387,5.8176146,154.33089,56.1718,TRUE,TRUE,3.3866882,TRUE,TRUE,21.7028,-75.11267,662.60187,TRUE,TRUE,12.838715,TRUE,TRUE
2892821987,2943219174,0.50129604,0.4681977,0.6843179,159.22638,57.95362,TRUE,TRUE,3.0449371,TRUE,TRUE,-40.30864,-68.52084,661.8391,TRUE,TRUE,13.336548,TRUE,TRUE,0.5123567,0.48654565,6.524334,154.10567,56.089855,TRUE,TRUE,3.3923798,TRUE,TRUE,21.644342,-75.12447,662.829,TRUE,TRUE,11.774963,TRUE,TRUE
2892830320,2943227508,0.50424755,0.46944246,2.2427077,158.87898,57.82714,TRUE,TRUE,3.0472412,TRUE,TRUE,-40.38179,-68.54724,662.054,TRUE,TRUE,13.536819,TRUE,TRUE,0.5139648,0.48362952,7.3734055,154.91954,56.386032,TRUE,TRUE,3.3866424999999998,TRUE,TRUE,21.575754,-75.12725,662.88135,TRUE,TRUE,12.662872,TRUE,TRUE
2892838653,2943235841,0.5027242,0.46795386,1.4383774,159.29443,57.978355,TRUE,TRUE,3.0527496,TRUE,TRUE,-40.44198,-68.578354,662.2464,TRUE,TRUE,12.871414,TRUE,TRUE,0.5129819,0.48864406,6.854438,153.52005,55.8767,TRUE,TRUE,3.3957062,TRUE,TRUE,21.522709,-75.14514,663.10693,TRUE,TRUE,12.268692,TRUE,TRUE
2892846987,2943244175,0.50306094,0.46568024,1.6161714,159.92896,58.209362,TRUE,TRUE,3.0526886,TRUE,TRUE,-40.499443,-68.61041,662.3889,TRUE,TRUE,12.790344,TRUE,TRUE,0.50972474,0.4883772,5.134679,153.59453,55.903736,TRUE,TRUE,3.4024963,TRUE,TRUE,21.465403,-75.17151,663.10876,TRUE,TRUE,12.221237,TRUE,TRUE
2892855320,2943252508,0.50199246,0.46556213,1.0520425,159.96191,58.22135,TRUE,TRUE,3.0445251,TRUE,TRUE,-40.554188,-68.63633,662.5077,TRUE,TRUE,13.095627,TRUE,TRUE,0.5114326,0.4920799,6.036413,152.56111,55.52771,TRUE,TRUE,3.4028473,TRUE,TRUE,21.410461,-75.18915,663.2856,TRUE,TRUE,12.809235,TRUE,TRUE
2892863653,2943260841,0.50051355,0.46625078,0.27114958,159.76976,58.151356,TRUE,TRUE,3.050293,TRUE,TRUE,-40.60113,-68.65885,662.626,TRUE,TRUE,12.636719,TRUE,TRUE,0.5115671,0.4880364,6.1074786,153.68964,55.938354,TRUE,TRUE,3.397812,TRUE,TRUE,21.365204,-75.22441,663.4861,TRUE,TRUE,11.649292,TRUE,TRUE
2892871987,2943269175,0.5027051,0.47181752,1.4283217,158.21616,57.5859,TRUE,TRUE,3.0567932,TRUE,TRUE,-40.65886,-68.687454,662.89417,TRUE,TRUE,12.9935,TRUE,TRUE,0.5124139,0.48534712,6.5545726,154.44016,56.21158,TRUE,TRUE,3.3999329,TRUE,TRUE,21.321194,-75.242805,663.6118,TRUE,TRUE,12.536545,TRUE,TRUE
2892880320,2943277508,0.50003654,0.4690444,0.01928538,158.99008,57.86758,TRUE,TRUE,3.055954,TRUE,TRUE,-40.700897,-68.70144,663.03735,TRUE,TRUE,12.665909,TRUE,TRUE,0.5159206,0.48859745,8.406111,153.53304,55.8814,TRUE,TRUE,3.407013,TRUE,TRUE,21.265926,-75.25615,663.78784,TRUE,TRUE,12.734314,TRUE,TRUE
2892888653,2943285841,0.50023955,0.46704534,0.12650046,159.54797,58.0707,TRUE,TRUE,3.0604095,TRUE,TRUE,-40.742813,-68.70033,663.1337,TRUE,TRUE,12.644897,TRUE,TRUE,0.5099789,0.4879396,5.2688556,153.71666,55.948204,TRUE,TRUE,3.411911,TRUE,TRUE,21.226475,-75.25519,663.839,TRUE,TRUE,12.729446,TRUE,TRUE
2892896987,2943294175,0.5012959,0.47074568,0.68423945,158.51527,57.694763,TRUE,TRUE,3.0556335,TRUE,TRUE,-40.79018,-68.70201,663.35254,TRUE,TRUE,12.579224,TRUE,TRUE,0.5128616,0.48825246,6.790948,153.62933,55.916405,TRUE,TRUE,3.416687,TRUE,TRUE,21.192259,-75.26726,664.13947,TRUE,TRUE,13.082031,TRUE,TRUE
2892905320,2943302508,0.50087744,0.46912742,0.4632727,158.96693,57.859146,TRUE,TRUE,3.063858,TRUE,TRUE,-40.832058,-68.69281,663.4724,TRUE,TRUE,12.427841,TRUE,TRUE,0.5103963,0.48338294,5.4892364,154.98837,56.411064,TRUE,TRUE,3.415924,TRUE,TRUE,21.144146,-75.25941,664.216,TRUE,TRUE,12.358261,TRUE,TRUE
2892913653,2943310841,0.50079054,0.46632266,0.41741604,159.7497,58.144028,TRUE,TRUE,3.0597687,TRUE,TRUE,-40.86926,-68.68979,663.68976,TRUE,TRUE,13.0269165,TRUE,TRUE,0.5135734,0.4858414,7.1667457,154.30225,56.16136,TRUE,TRUE,3.421936,TRUE,TRUE,21.102615,-75.25413,664.3441,TRUE,TRUE,12.852615,TRUE,TRUE
2892921987,2943319175,0.50003767,0.46959206,0.019895673,158.83723,57.811966,TRUE,TRUE,3.06958,TRUE,TRUE,-40.908806,-68.67163,663.88696,TRUE,TRUE,12.763443,TRUE,TRUE,0.51204693,0.49212086,6.3607893,152.5497,55.523506,TRUE,TRUE,3.429367,TRUE,TRUE,21.072695,-75.24655,664.5677,TRUE,TRUE,11.662048,TRUE,TRUE
2892930320,2943327508,0.5027518,0.46807295,1.4529825,159.26122,57.966244,TRUE,TRUE,3.0556183,TRUE,TRUE,-40.948414,-68.6521,664.05524,TRUE,TRUE,13.043289,TRUE,TRUE,0.5104377,0.49083385,5.511113,152.90887,55.65423,TRUE,TRUE,3.4288177,TRUE,TRUE,21.044497,-75.221466,664.69415,TRUE,TRUE,11.994965,TRUE,TRUE
2892938653,2943335841,0.50139534,0.47030744,0.73675734,158.6376,57.739258,TRUE,TRUE,3.0650177,TRUE,TRUE,-40.974876,-68.62973,664.17957,TRUE,TRUE,12.540115,TRUE,TRUE,0.5102483,0.4876795,5.4111032,153.78922,55.974648,TRUE,TRUE,3.428772,TRUE,TRUE,21.016624,-75.19737,664.79736,TRUE,TRUE,11.817352,TRUE,TRUE
2892946987,2943344175,0.500065,0.46936953,0.034341276,158.89935,57.834538,TRUE,TRUE,3.067871,TRUE,TRUE,-41.001312,-68.59305,664.3019,TRUE,TRUE,12.992844,TRUE,TRUE,0.5120707,0.49221689,6.3733525,152.5229,55.513702,TRUE,TRUE,3.435913,TRUE,TRUE,20.980331,-75.15983,664.9206,TRUE,TRUE,12.089066,TRUE,TRUE
2892955320,2943352508,0.5002432,0.47148183,0.12839961,158.30984,57.619972,TRUE,TRUE,3.0691223,TRUE,TRUE,-41.02494,-68.5496,664.399,TRUE,TRUE,12.745758,TRUE,TRUE,0.51046544,0.4931789,5.525773,152.25443,55.41598,TRUE,TRUE,3.4387054,TRUE,TRUE,20.949963,-75.127174,665.0221,TRUE,TRUE,12.798065,TRUE,TRUE
2892963653,2943360842,0.4997235,0.47065222,-0.14598513,158.54135,57.704235,TRUE,TRUE,3.070816,TRUE,TRUE,-41.043736,-68.52076,664.5456,TRUE,TRUE,12.883652,TRUE,TRUE,0.51437587,0.49207813,7.5904555,152.56163,55.52785,TRUE,TRUE,3.4362335,TRUE,TRUE,20.926046,-75.09103,665.1732,TRUE,TRUE,12.937286,TRUE,TRUE
2892971987,2943369176,0.5015997,0.47254077,0.8446583,158.01427,57.51246,TRUE,TRUE,3.0682068,TRUE,TRUE,-41.08074,-68.49078,664.7173,TRUE,TRUE,12.304398,TRUE,TRUE,0.51137114,0.49120697,6.003964,152.80476,55.616302,TRUE,TRUE,3.4421234,TRUE,TRUE,20.903522,-75.047,665.2727,TRUE,TRUE,12.306808,TRUE,TRUE
2892980320,2943377509,0.5011809,0.47040617,0.6235216,158.61002,57.729286,TRUE,TRUE,3.0799103,TRUE,TRUE,-41.104527,-68.4628,664.7906,TRUE,TRUE,12.458832,TRUE,TRUE,0.51300997,0.4921257,6.869255,152.54837,55.522934,TRUE,TRUE,3.4466553,TRUE,TRUE,20.87634,-75.02187,665.47437,TRUE,TRUE,12.421951,TRUE,TRUE
2892988653,2943385842,0.49887466,0.4729367,-0.59414667,157.90376,57.472237,TRUE,TRUE,3.0646515,TRUE,TRUE,-41.133568,-68.44342,664.9368,TRUE,TRUE,12.764984,TRUE,TRUE,0.5109527,0.49839276,5.78301,150.79932,54.88638,TRUE,TRUE,3.456787,TRUE,TRUE,20.846392,-74.99065,665.55066,TRUE,TRUE,12.495056,TRUE,TRUE
2892996987,2943394176,0.5013194,0.47128654,0.69665486,158.36432,57.639828,TRUE,TRUE,3.0694885,TRUE,TRUE,-41.160027,-68.42829,665.0335,TRUE,TRUE,12.48233,TRUE,TRUE,0.51104724,0.4940765,5.832978,152.00392,55.32483,TRUE,TRUE,3.4520264,TRUE,TRUE,20.813658,-74.95755,665.6277,TRUE,TRUE,12.575226,TRUE,TRUE
2893005320,2943402509,0.5000481,0.46979386,0.025413036,158.78091,57.79146,TRUE,TRUE,3.0704498,TRUE,TRUE,-41.183834,-68.42046,665.13104,TRUE,TRUE,12.867294,TRUE,TRUE,0.5104382,0.4948144,5.511382,151.79797,55.249905,TRUE,TRUE,3.4605408,TRUE,TRUE,20.786797,-74.92155,665.6787,TRUE,TRUE,12.68515,TRUE,TRUE
2893013653,2943410842,0.5007037,0.46990815,0.37156135,158.74905,57.779785,TRUE,TRUE,3.0765228,TRUE,TRUE,-41.22363,-68.42331,665.3026,TRUE,TRUE,13.05835,TRUE,TRUE,0.51068795,0.49722773,5.643261,151.12444,55.004707,TRUE,TRUE,3.4707947,TRUE,TRUE,20.758398,-74.90616,665.80524,TRUE,TRUE,12.668869,TRUE,TRUE
2893021987,2943419176,0.5021503,0.46972167,1.1353775,158.80107,57.798782,TRUE,TRUE,3.078598,TRUE,TRUE,-41.255432,-68.43016,665.42395,TRUE,TRUE,12.551971,TRUE,TRUE,0.50960225,0.4968569,5.0699925,151.22792,55.04241,TRUE,TRUE,3.4675598,TRUE,TRUE,20.737637,-74.902,665.9298,TRUE,TRUE,12.743607,TRUE,TRUE
2893030320,2943427509,0.49989897,0.4696424,-0.053323686,158.8232,57.806835,TRUE,TRUE,3.0709534,TRUE,TRUE,-41.276318,-68.43185,665.4468,TRUE,TRUE,12.822876,TRUE,TRUE,0.51308465,0.49688637,6.9087005,151.2197,55.039406,TRUE,TRUE,3.4673767,TRUE,TRUE,20.705904,-74.880325,665.9574,TRUE,TRUE,11.969162,TRUE,TRUE
2893038653,2943435842,0.49826685,0.4716978,-0.9151126,158.24957,57.59802,TRUE,TRUE,3.0752716,TRUE,TRUE,-41.297176,-68.4404,665.4947,TRUE,TRUE,12.720581,TRUE,TRUE,0.51051235,0.49374586,5.5505075,152.09622,55.358337,TRUE,TRUE,3.4759827,TRUE,TRUE,20.685455,-74.88108,665.9331,TRUE,TRUE,12.008713,TRUE,TRUE
2893046987,2943444176,0.52187985,0.46250844,11.552548,160.8142,58.531525,TRUE,TRUE,3.0854797,TRUE,TRUE,-41.21496,-68.44402,665.57886,TRUE,TRUE,12.57428,TRUE,TRUE,0.54677886,0.4895119,24.699242,153.27785,55.78843,TRUE,TRUE,3.4828186,TRUE,TRUE,20.714367,-74.84753,665.9308,TRUE,TRUE,12.132172,TRUE,TRUE
2893055320,2943452509,0.5743183,0.41112608,39.240055,175.15442,63.75091,TRUE,TRUE,3.0970154,TRUE,TRUE,-41.049244,-68.41516,665.67456,TRUE,TRUE,12.125626,TRUE,TRUE,0.5978731,0.44921768,51.67702,164.52348,59.88159,TRUE,TRUE,3.5002441,TRUE,TRUE,20.839561,-74.812454,666.30176,TRUE,TRUE,12.256973,TRUE,TRUE
2893063653,2943460842,0.60577327,0.40154237,55.84828,177.82913,64.7244,TRUE,TRUE,3.1036682,TRUE,TRUE,-40.9102,-68.40583,665.6653,TRUE,TRUE,12.038818,TRUE,TRUE,0.62564504,0.43765098,66.34058,167.75165,61.056496,TRUE,TRUE,3.4912872,TRUE,TRUE,20.91735,-74.775314,666.2223,TRUE,TRUE,12.041367,TRUE,TRUE
2893071987,2943469176,0.60244304,0.41903016,54.089935,172.94849,62.948044,TRUE,TRUE,3.1086273,TRUE,TRUE,-40.872993,-68.41087,665.6189,TRUE,TRUE,11.807602,TRUE,TRUE,0.61887443,0.44511098,62.765686,165.66965,60.29872,TRUE,TRUE,3.4862213,TRUE,TRUE,20.934671,-74.79092,666.2966,TRUE,TRUE,12.649185,TRUE,TRUE
2893080320,2943477509,0.5926171,0.41902167,48.901855,172.95087,62.94888,TRUE,TRUE,3.1088715,TRUE,TRUE,-40.9248,-68.42672,665.6623,TRUE,TRUE,12.446213,TRUE,TRUE,0.61342937,0.44307476,59.890705,166.23792,60.50557,TRUE,TRUE,3.4827118,TRUE,TRUE,20.903702,-74.81709,666.29834,TRUE,TRUE,12.375687,TRUE,TRUE
2893088653,2943485842,0.5974749,0.41783983,51.466713,173.2807,63.06891,TRUE,TRUE,3.1097107,TRUE,TRUE,-40.97732,-68.45954,665.75586,TRUE,TRUE,12.31694,TRUE,TRUE,0.6142874,0.4450123,60.343742,165.69719,60.30871,TRUE,TRUE,3.4934235,TRUE,TRUE,20.878181,-74.835495,666.2744,TRUE,TRUE,12.333694,TRUE,TRUE
2893096987,2943494176,0.5984695,0.41787568,51.9919,173.27069,63.0653,TRUE,TRUE,3.1101532,TRUE,TRUE,-40.99568,-68.48358,665.7286,TRUE,TRUE,12.511719,TRUE,TRUE,0.61873263,0.4458125,62.69084,165.47385,60.227455,TRUE,TRUE,3.4867706,TRUE,TRUE,20.847834,-74.83797,666.0515,TRUE,TRUE,12.589371,TRUE,TRUE
2893105320,2943502510,0.6006324,0.41765007,53.133926,173.33362,63.08822,TRUE,TRUE,3.115738,TRUE,TRUE,-41.00837,-68.498375,665.65186,TRUE,TRUE,12.517517,TRUE,TRUE,0.61510897,0.447781,60.77755,164.92445,60.02753,TRUE,TRUE,3.486023,TRUE,TRUE,20.86052,-74.86886,666.224,TRUE,TRUE,12.017532,TRUE,TRUE
2893113653,2943510843,0.5997905,0.4175198,52.6894,173.37001,63.101425,TRUE,TRUE,3.1124268,TRUE,TRUE,-41.01867,-68.52768,665.60187,TRUE,TRUE,12.278305,TRUE,TRUE,0.6139301,0.4418642,60.155113,166.57574,60.628624,TRUE,TRUE,3.493332,TRUE,TRUE,20.850822,-74.902145,666.2009,TRUE,TRUE,12.08461,TRUE,TRUE
2893121987,2943519177,0.59753036,0.41432226,51.496063,174.26239,63.42625,TRUE,TRUE,3.1092377,TRUE,TRUE,-41.020935,-68.55986,665.5762,TRUE,TRUE,12.345718,TRUE,TRUE,0.61605895,0.44276142,61.27912,166.32538,60.53734,TRUE,TRUE,3.487854,TRUE,TRUE,20.845833,-74.93846,666.1763,TRUE,TRUE,12.387466,TRUE,TRUE
2893130320,2943527510,0.59993374,0.41594452,52.765015,173.80966,63.261433,TRUE,TRUE,3.1052856,TRUE,TRUE,-41.03416,-68.60297,665.5741,TRUE,TRUE,12.546555,TRUE,TRUE,0.6148277,0.44459876,60.62903,165.81258,60.35076,TRUE,TRUE,3.4959564,TRUE,TRUE,20.838165,-74.972855,666.0261,TRUE,TRUE,12.973511,TRUE,TRUE
2893138653,2943535843,0.6015831,0.41602087,53.63588,173.78835,63.25367,TRUE,TRUE,3.1236267,TRUE,TRUE,-41.033855,-68.6354,665.4998,TRUE,TRUE,12.476608,TRUE,TRUE,0.6148191,0.44377774,60.62451,166.04172,60.43416,TRUE,TRUE,3.4968872,TRUE,TRUE,20.850868,-75.01576,666.05115,TRUE,TRUE,13.032425,TRUE,TRUE
2893146987,2943544177,0.60064083,0.41386223,53.138367,174.39082,63.472946,TRUE,TRUE,3.1117096,TRUE,TRUE,-41.025887,-68.67609,665.4733,TRUE,TRUE,12.81778,TRUE,TRUE,0.6174549,0.44088912,62.016205,166.8479,60.727573,TRUE,TRUE,3.4909668,TRUE,TRUE,20.855381,-75.069916,666.07654,TRUE,TRUE,12.396408,TRUE,TRUE
2893155320,2943552510,0.60011107,0.41188687,52.858665,174.94208,63.673645,TRUE,TRUE,3.1086273,TRUE,TRUE,-41.020515,-68.71533,665.4486,TRUE,TRUE,12.321274,TRUE,TRUE,0.61949027,0.44169194,63.09086,166.62386,60.646053,TRUE,TRUE,3.4866638,TRUE,TRUE,20.843807,-75.10083,665.85205,TRUE,TRUE,12.511017,TRUE,TRUE
2893163653,2943560843,0.602903,0.4171369,54.332848,173.47684,63.140373,TRUE,TRUE,3.110733,TRUE,TRUE,-41.01745,-68.74887,665.3237,TRUE,TRUE,12.020416,TRUE,TRUE,0.6160112,0.44376978,61.253914,166.04395,60.434975,TRUE,TRUE,3.4945984,TRUE,TRUE,20.868881,-75.16034,665.9251,TRUE,TRUE,12.682144,TRUE,TRUE
2893171987,2943569177,0.60294396,0.4170103,54.35443,173.51219,63.153183,TRUE,TRUE,3.109665,TRUE,TRUE,-41.004566,-68.79491,665.3017,TRUE,TRUE,12.372879,TRUE,TRUE,0.61605275,0.4405253,61.27585,166.94943,60.76455,TRUE,TRUE,3.4951172,TRUE,TRUE,20.87363,-75.216934,665.95026,TRUE,TRUE,11.943741,TRUE,TRUE
2893180320,2943577510,0.60187733,0.41653323,53.791252,173.64536,63.201683,TRUE,TRUE,3.1103058,TRUE,TRUE,-41.00221,-68.84145,665.3786,TRUE,TRUE,12.230621,TRUE,TRUE,0.61775047,0.4442647,62.17225,165.90582,60.38466,TRUE,TRUE,3.4895935,TRUE,TRUE,20.879913,-75.27334,665.874,TRUE,TRUE,12.458908,TRUE,TRUE
2893188653,2943585843,0.6027168,0.41805154,54.23449,173.2216,63.047417,TRUE,TRUE,3.1195984,TRUE,TRUE,-40.99418,-68.87103,665.3288,TRUE,TRUE,12.261398,TRUE,TRUE,0.6159331,0.44426918,61.2127,165.90454,60.384262,TRUE,TRUE,3.4968414,TRUE,TRUE,20.884748,-75.31273,665.7752,TRUE,TRUE,12.331223,TRUE,TRUE
2893196987,2943594177,0.6022961,0.41534883,54.012367,173.9759,63.321957,TRUE,TRUE,3.11911,TRUE,TRUE,-40.980747,-68.89864,665.22974,TRUE,TRUE,12.264053,TRUE,TRUE,0.6170516,0.4459867,61.80325,165.42523,60.209778,TRUE,TRUE,3.4940186,TRUE,TRUE,20.890022,-75.36766,665.749,TRUE,TRUE,12.3745575,TRUE,TRUE
2893205320,2943602510,0.6025234,0.42009705,54.132397,172.6507,62.83967,TRUE,TRUE,3.1086578,TRUE,TRUE,-40.978302,-68.926834,665.2551,TRUE,TRUE,11.874634,TRUE,TRUE,0.6173582,0.44279724,61.965134,166.31535,60.533806,TRUE,TRUE,3.4888763,TRUE,TRUE,20.898422,-75.41172,665.7234,TRUE,TRUE,11.977493,TRUE,TRUE
2893213653,2943610843,0.6045394,0.41610423,55.19682,173.76509,63.245216,TRUE,TRUE,3.0997162,TRUE,TRUE,-40.97891,-68.95305,665.33057,TRUE,TRUE,12.282639,TRUE,TRUE,0.6194041,0.4438907,63.045372,166.01021,60.422684,TRUE,TRUE,3.4891968,TRUE,TRUE,20.900497,-75.435,665.5987,TRUE,TRUE,12.411026,TRUE,TRUE
2893221987,2943619177,0.6024314,0.4186647,54.083824,173.05046,62.985176,TRUE,TRUE,3.0975037,TRUE,TRUE,-40.960083,-68.9715,665.2081,TRUE,TRUE,12.547562,TRUE,TRUE,0.6176541,0.4442495,62.121387,165.91002,60.3863,TRUE,TRUE,3.489441,TRUE,TRUE,20.906296,-75.46398,665.57367,TRUE,TRUE,12.780548,TRUE,TRUE
2893230320,2943627510,0.6025214,0.4146097,54.131344,174.18219,63.39702,TRUE,TRUE,3.1018982,TRUE,TRUE,-40.95239,-68.98073,665.2334,TRUE,TRUE,12.083481,TRUE,TRUE,0.6180176,0.4450933,62.313313,165.67456,60.300545,TRUE,TRUE,3.483261,TRUE,TRUE,20.91307,-75.4756,665.4988,TRUE,TRUE,12.506348,TRUE,TRUE
2893238653,2943635843,0.6031335,0.4153151,54.454468,173.9853,63.32543,TRUE,TRUE,3.094696,TRUE,TRUE,-40.94191,-68.98177,665.20764,TRUE,TRUE,12.008362,TRUE,TRUE,0.61986655,0.44843006,63.289543,164.74332,59.96157,TRUE,TRUE,3.4842224,TRUE,TRUE,20.918085,-75.49205,665.4979,TRUE,TRUE,12.605026,TRUE,TRUE
2893246987,2943644178,0.6015638,0.4151906,53.6257,174.02005,63.33807,TRUE,TRUE,3.0918884,TRUE,TRUE,-40.9364,-68.97197,665.1853,TRUE,TRUE,12.725815,TRUE,TRUE,0.6160787,0.44237167,61.28954,166.43414,60.576973,TRUE,TRUE,3.4738007,TRUE,TRUE,20.924187,-75.49445,665.47314,TRUE,TRUE,13.22522,TRUE,TRUE
2893255320,2943652511,0.600264,0.41294414,52.939407,174.64702,63.566254,TRUE,TRUE,3.0815582,TRUE,TRUE,-40.9312,-68.965836,665.18506,TRUE,TRUE,12.395233,TRUE,TRUE,0.6176305,0.4433158,62.108875,166.17065,60.481087,TRUE,TRUE,3.4779663,TRUE,TRUE,20.925713,-75.50421,665.523,TRUE,TRUE,11.946594,TRUE,TRUE
2893263653,2943660844,0.6018942,0.41550708,53.80014,173.93173,63.30591,TRUE,TRUE,3.081009,TRUE,TRUE,-40.926094,-68.9535,665.1853,TRUE,TRUE,12.341766,TRUE,TRUE,0.6182487,0.44022506,62.43533,167.03323,60.79506,TRUE,TRUE,3.479309,TRUE,TRUE,20.92173,-75.49606,665.4485,TRUE,TRUE,12.446335,TRUE,TRUE
2893271987,2943669178,0.60090446,0.4129855,53.277565,174.6355,63.56198,TRUE,TRUE,3.0712433,TRUE,TRUE,-40.920795,-68.93541,665.1378,TRUE,TRUE,11.790451,TRUE,TRUE,0.61797,0.44358653,62.288185,166.09508,60.453568,TRUE,TRUE,3.4733887,TRUE,TRUE,20.9238,-75.498566,665.4733,TRUE,TRUE,12.953308,TRUE,TRUE
2893280320,2943677511,0.6006992,0.41226172,53.16918,174.83746,63.635582,TRUE,TRUE,3.0709991,TRUE,TRUE,-40.92071,-68.9224,665.13574,TRUE,TRUE,12.586441,TRUE,TRUE,0.6176549,0.44453973,62.121803,165.82907,60.356712,TRUE,TRUE,3.4700775,TRUE,TRUE,20.921787,-75.48857,665.4492,TRUE,TRUE,12.840881,TRUE,TRUE
2893288653,2943685844,0.6011456,0.41737133,53.404915,173.41142,63.116524,TRUE,TRUE,3.0659027,TRUE,TRUE,-40.920547,-68.911194,665.1101,TRUE,TRUE,12.457809,TRUE,TRUE,0.6196965,0.44461945,63.1998,165.8068,60.348663,TRUE,TRUE,3.467163,TRUE,TRUE,20.919327,-75.48892,665.42175,TRUE,TRUE,11.95993,TRUE,TRUE
2893296987,2943694178,0.60159516,0.4159654,53.642265,173.80382,63.259323,TRUE,TRUE,3.072647,TRUE,TRUE,-40.923077,-68.89586,665.08594,TRUE,TRUE,12.630905,TRUE,TRUE,0.6157341,0.44337255,61.10759,166.15479,60.47536,TRUE,TRUE,3.4621735,TRUE,TRUE,20.914806,-75.49036,665.39746,TRUE,TRUE,12.147583,TRUE,TRUE
2893305320,2943702511,0.6011996,0.41586834,53.433422,173.8309,63.269222,TRUE,TRUE,3.0726776,TRUE,TRUE,-40.928223,-68.89244,665.0607,TRUE,TRUE,12.459213,TRUE,TRUE,0.61626685,0.44660997,61.388897,165.25128,60.14646,TRUE,TRUE,3.4545593,TRUE,TRUE,20.90971,-75.494064,665.3993,TRUE,TRUE,12.562454,TRUE,TRUE
2893313653,2943710844,0.60170627,0.41335016,53.700912,174.5337,63.52498,TRUE,TRUE,3.067627,TRUE,TRUE,-40.93582,-68.887344,665.0349,TRUE,TRUE,12.462692,TRUE,TRUE,0.6165371,0.44719762,61.53158,165.08728,60.086777,TRUE,TRUE,3.4539948,TRUE,TRUE,20.89941,-75.50525,665.39984,TRUE,TRUE,11.989578,TRUE,TRUE
2893321987,2943719178,0.60103655,0.4222631,53.34729,172.0462,62.61962,TRUE,TRUE,3.0535278,TRUE,TRUE,-40.94358,-68.91789,665.058,TRUE,TRUE,12.463959,TRUE,TRUE,0.6179362,0.449309,62.270298,164.49802,59.872307,TRUE,TRUE,3.4476166,TRUE,TRUE,20.874245,-75.555179999999993,665.4741,TRUE,TRUE,12.472229,TRUE,TRUE
2893330320,2943727511,0.59484696,0.45247132,50.07919,163.61545,59.551052,TRUE,TRUE,3.0418854,TRUE,TRUE,-40.940296,-68.96988,665.085,TRUE,TRUE,12.406586,TRUE,TRUE,0.61374086,0.47780332,60.055187,156.54556,56.977875,TRUE,TRUE,3.4464417,TRUE,TRUE,20.819485,-75.61261,665.5036,TRUE,TRUE,12.868622,TRUE,TRUE
2893338653,2943735844,0.59741104,0.46278125,51.433014,160.73807,58.503803,TRUE,TRUE,3.0496826,TRUE,TRUE,-40.942383,-68.99405,665.06067,TRUE,TRUE,12.475906,TRUE,TRUE,0.6155989,0.48974577,61.03621,153.21259,55.764748,TRUE,TRUE,3.4481354,TRUE,TRUE,20.77938,-75.646866,665.40576,TRUE,TRUE,12.289459,TRUE,TRUE
2893346987,2943744178,0.59902745,0.45189148,52.286537,163.77727,59.60993,TRUE,TRUE,3.0392456,TRUE,TRUE,-40.971054,-69.01853,664.9551,TRUE,TRUE,12.527634,TRUE,TRUE,0.61420393,0.48547655,60.299698,154.40404,56.198433,TRUE,TRUE,3.4500427,TRUE,TRUE,20.764286,-75.679,665.3803,TRUE,TRUE,12.232681,TRUE,TRUE
2893355320,2943752511,0.59496397,0.4539618,50.14099,163.19946,59.39966,TRUE,TRUE,3.0389252,TRUE,TRUE,-40.999454,-69.05052,664.9529,TRUE,TRUE,12.367676,TRUE,TRUE,0.6157211,0.48158076,61.100777,155.49133,56.5941,TRUE,TRUE,3.4288025,TRUE,TRUE,20.748512,-75.72078,665.38196,TRUE,TRUE,12.052307,TRUE,TRUE
2893363653,2943760844,0.59824413,0.4507328,51.872917,164.10062,59.72769,TRUE,TRUE,3.0292816,TRUE,TRUE,-41.024544,-69.05627,664.7239,TRUE,TRUE,12.288834,TRUE,TRUE,0.6133363,0.48522168,59.84162,154.47519,56.22429,TRUE,TRUE,3.4390259,TRUE,TRUE,20.728365,-75.74734,665.35754,TRUE,TRUE,12.725998,TRUE,TRUE
2893371987,2943769178,0.59468335,0.4523277,49.992825,163.65552,59.565674,TRUE,TRUE,3.026825,TRUE,TRUE,-41.051136,-69.10238,664.87115,TRUE,TRUE,12.309982,TRUE,TRUE,0.6149961,0.48417792,60.71795,154.7665,56.33032,TRUE,TRUE,3.4304504,TRUE,TRUE,20.698055,-75.788570000000007,665.4335,TRUE,TRUE,11.902252,TRUE,TRUE
2893380320,2943777511,0.5973735,0.4554556,51.4132,162.7826,59.24793,TRUE,TRUE,3.0348358,TRUE,TRUE,-41.092712,-69.129974,664.8667,TRUE,TRUE,12.470184,TRUE,TRUE,0.6128038,0.48453578,59.560417,154.66663,56.293987,TRUE,TRUE,3.4340515,TRUE,TRUE,20.66575,-75.811646,665.3608,TRUE,TRUE,12.222382,TRUE,TRUE
2893388653,2943785845,0.5971949,0.45379955,51.318924,163.24475,59.416115,TRUE,TRUE,3.03273,TRUE,TRUE,-41.12372,-69.1557,664.813,TRUE,TRUE,12.633621,TRUE,TRUE,0.6153133,0.48680374,60.88543,154.03366,56.063583,TRUE,TRUE,3.4226532,TRUE,TRUE,20.63263,-75.82587,665.1644,TRUE,TRUE,12.138596,TRUE,TRUE
2893396987,2943794179,0.5956034,0.45386702,50.478622,163.22592,59.40929,TRUE,TRUE,3.021576,TRUE,TRUE,-41.166004,-69.1976,664.93365,TRUE,TRUE,12.332474,TRUE,TRUE,0.6131644,0.48374438,59.75083,154.8875,56.37433,TRUE,TRUE,3.4272156,TRUE,TRUE,20.606148,-75.86067,665.1887,TRUE,TRUE,12.493927,TRUE,TRUE
2893405320,2943802512,0.595672,0.45591417,50.514854,162.65457,59.201385,TRUE,TRUE,3.02417,TRUE,TRUE,-41.188385,-69.20665,664.73126,TRUE,TRUE,12.619415,TRUE,TRUE,0.61519015,0.48669964,60.820385,154.06268,56.074203,TRUE,TRUE,3.4180756,TRUE,TRUE,20.576408,-75.881,665.23975,TRUE,TRUE,12.325531,TRUE,TRUE
2893413653,2943810845,0.5945808,0.45848736,49.938686,161.93643,58.93997,TRUE,TRUE,3.0216217,TRUE,TRUE,-41.23269,-69.23013,664.777,TRUE,TRUE,12.5924835,TRUE,TRUE,0.61226594,0.48833817,59.27645,153.60541,55.907715,TRUE,TRUE,3.4128113,TRUE,TRUE,20.542307,-75.90428,665.26697,TRUE,TRUE,12.63269,TRUE,TRUE
2893421987,2943819179,0.5961995,0.45169348,50.79335,163.83252,59.630104,TRUE,TRUE,3.0090027,TRUE,TRUE,-41.274277,-69.2449,664.74646,TRUE,TRUE,12.823196,TRUE,TRUE,0.61347044,0.48205394,59.912376,155.35925,56.546097,TRUE,TRUE,3.408615,TRUE,TRUE,20.500256,-75.91298,665.1459,TRUE,TRUE,12.4543915,TRUE,TRUE
2893430320,2943827512,0.59518915,0.45421663,50.259888,163.12836,59.373726,TRUE,TRUE,3.0104065,TRUE,TRUE,-41.29717,-69.25061,664.6688,TRUE,TRUE,12.462219,TRUE,TRUE,0.6145314,0.48244125,60.472576,155.25119,56.506714,TRUE,TRUE,3.4058838,TRUE,TRUE,20.470886,-75.93206,665.17126,TRUE,TRUE,11.77533,TRUE,TRUE
2893438653,2943835845,0.5973594,0.45780945,51.40574,162.12563,59.008835,TRUE,TRUE,3.0163422,TRUE,TRUE,-41.325546,-69.254974,664.6134,TRUE,TRUE,12.394226,TRUE,TRUE,0.61427915,0.48780227,60.33938,153.75497,55.96215,TRUE,TRUE,3.4101562,TRUE,TRUE,20.437744,-75.91981,664.9983,TRUE,TRUE,13.101929,TRUE,TRUE
2893446987,2943844179,0.5962855,0.45716876,50.83878,162.30444,59.073906,TRUE,TRUE,3.0131073,TRUE,TRUE,-41.35664,-69.25747,664.5868,TRUE,TRUE,12.765961,TRUE,TRUE,0.61328363,0.4878527,59.813736,153.74089,55.95706,TRUE,TRUE,3.396515,TRUE,TRUE,20.414486,-75.91826,665.00024,TRUE,TRUE,11.924347,TRUE,TRUE
2893455320,2943852512,0.59555835,0.4576587,50.454826,162.16768,59.024162,TRUE,TRUE,3.010498,TRUE,TRUE,-41.385048,-69.25653,664.55774,TRUE,TRUE,12.62352,TRUE,TRUE,0.6151185,0.48411888,60.782593,154.78297,56.33632,TRUE,TRUE,3.3944092,TRUE,TRUE,20.391968,-75.93475,665.0757,TRUE,TRUE,12.472244,TRUE,TRUE
2893463653,2943860845,0.59782577,0.4569888,51.652027,162.35464,59.092194,TRUE,TRUE,3.003067,TRUE,TRUE,-41.414017,-69.24925,664.60364,TRUE,TRUE,12.712189,TRUE,TRUE,0.61351603,0.4841234,59.936493,154.78171,56.335823,TRUE,TRUE,3.3976288,TRUE,TRUE,20.36897,-75.93286,665.05084,TRUE,TRUE,12.343658,TRUE,TRUE
2893471987,2943869179,0.5958441,0.45618796,50.60569,162.57819,59.173504,TRUE,TRUE,2.999054,TRUE,TRUE,-41.426483,-69.23195,664.50397,TRUE,TRUE,12.53862,TRUE,TRUE,0.61353993,0.4847518,59.949097,154.60634,56.272026,TRUE,TRUE,3.397522,TRUE,TRUE,20.348656,-75.926956,665.02783,TRUE,TRUE,12.384628,TRUE,TRUE
2893480320,2943877512,0.5962723,0.4523409,50.83178,163.65186,59.56427,TRUE,TRUE,3.0000916,TRUE,TRUE,-41.439316,-69.21744,664.45215,TRUE,TRUE,12.347305,TRUE,TRUE,0.6143147,0.483293,60.35816,155.01346,56.42022,TRUE,TRUE,3.3951416,TRUE,TRUE,20.330124,-75.92808,665.02954,TRUE,TRUE,11.901123,TRUE,TRUE
2893488653,2943885845,0.5954366,0.4522027,50.390526,163.69038,59.57837,TRUE,TRUE,2.9928436,TRUE,TRUE,-41.451706,-69.19157,664.32605,TRUE,TRUE,12.0091095,TRUE,TRUE,0.6150999,0.48314485,60.772755,155.05484,56.435234,TRUE,TRUE,3.386032,TRUE,TRUE,20.294838,-75.90077,664.82983,TRUE,TRUE,12.207092,TRUE,TRUE
2893496987,2943894179,0.5953782,0.45691523,50.35971,162.3752,59.099667,TRUE,TRUE,2.9855194,TRUE,TRUE,-41.474827,-69.16509,664.32135,TRUE,TRUE,12.251984,TRUE,TRUE,0.61561453,0.48125106,61.04447,155.58334,56.62759,TRUE,TRUE,3.3861084,TRUE,TRUE,20.28243,-75.884155,664.8064,TRUE,TRUE,12.624863,TRUE,TRUE
2893505320,2943902513,0.595581,0.4564371,50.466766,162.50865,59.148193,TRUE,TRUE,2.995575,TRUE,TRUE,-41.493088,-69.13759,664.29504,TRUE,TRUE,11.7892,TRUE,TRUE,0.6119723,0.48625553,59.12137,154.18666,56.119293,TRUE,TRUE,3.3854675,TRUE,TRUE,20.27749,-75.87909,664.9321,TRUE,TRUE,12.375839,TRUE,TRUE
2893513653,2943910846,0.59641874,0.45626113,50.90912,162.55774,59.166115,TRUE,TRUE,2.9891357,TRUE,TRUE,-41.514153,-69.10339,664.34314,TRUE,TRUE,12.046738,TRUE,TRUE,0.6112422,0.48579657,58.735886,154.31476,56.16588,TRUE,TRUE,3.391739,TRUE,TRUE,20.260345,-75.86212,665.0068,TRUE,TRUE,12.411926,TRUE,TRUE
2893521987,2943919180,0.60037196,0.46178037,52.99639,161.01736,58.605476,TRUE,TRUE,2.9808044,TRUE,TRUE,-41.530933,-69.0246,664.041,TRUE,TRUE,12.385284,TRUE,TRUE,0.6112302,0.48575917,58.72957,154.3252,56.169670000000004,TRUE,TRUE,3.375534,TRUE,TRUE,20.23397,-75.82478,664.8838,TRUE,TRUE,11.82962,TRUE,TRUE
2893530320,2943927513,0.595559,0.46077794,50.455185,161.29716,58.70729,TRUE,TRUE,2.991043,TRUE,TRUE,-41.548347,-69.012596,664.4154,TRUE,TRUE,12.413879,TRUE,TRUE,0.6133338,0.48314255,59.840294,155.05544,56.435493,TRUE,TRUE,3.3818512,TRUE,TRUE,20.215586,-75.79076,664.8846,TRUE,TRUE,12.85791,TRUE,TRUE
2893538653,2943935846,0.5965139,0.45771003,50.959335,162.15337,59.018955,TRUE,TRUE,2.9770355,TRUE,TRUE,-41.55806,-68.94983,664.2877,TRUE,TRUE,12.026947,TRUE,TRUE,0.6138462,0.48275518,60.1108,155.16354,56.47486,TRUE,TRUE,3.37146,TRUE,TRUE,20.201696,-75.74833,664.937,TRUE,TRUE,12.25354,TRUE,TRUE
2893546987,2943944180,0.5955734,0.451659,50.462784,163.84216,59.63357,TRUE,TRUE,2.9754028,TRUE,TRUE,-41.568577,-68.904106,664.28827,TRUE,TRUE,12.434784,TRUE,TRUE,0.61270016,0.48571724,59.5057,154.33691,56.173885,TRUE,TRUE,3.3764954,TRUE,TRUE,20.189137,-75.70264,664.91144,TRUE,TRUE,12.233582,TRUE,TRUE
2893555320,2943952513,0.59627193,0.45367038,50.83158,163.28079,59.42929,TRUE,TRUE,2.9737854,TRUE,TRUE,-41.57043,-68.83435,664.16223,TRUE,TRUE,12.059128,TRUE,TRUE,0.6103253,0.48473686,58.25177,154.6105,56.273525,TRUE,TRUE,3.3624573,TRUE,TRUE,20.183681,-75.65167,664.81323,TRUE,TRUE,12.075439,TRUE,TRUE
2893563653,2943960846,0.5967463,0.45503724,51.08206,162.89932,59.290436,TRUE,TRUE,2.965271,TRUE,TRUE,-41.57834,-68.778915,664.2102,TRUE,TRUE,12.952408,TRUE,TRUE,0.61198545,0.4833022,59.128334,155.0109,56.41926,TRUE,TRUE,3.3620758,TRUE,TRUE,20.176224,-75.61531,664.91205,TRUE,TRUE,12.790512,TRUE,TRUE
2893571987,2943969180,0.5955161,0.4526481,50.43251,163.5661,59.533066,TRUE,TRUE,2.9635773,TRUE,TRUE,-41.57808,-68.72815,664.13574,TRUE,TRUE,12.122177,TRUE,TRUE,0.6103641,0.48683518,58.27224,154.02487,56.06041,TRUE,TRUE,3.3697815,TRUE,TRUE,20.17593,-75.575584,664.93823,TRUE,TRUE,12.4483795,TRUE,TRUE
2893580320,2943977513,0.5962221,0.4541369,50.805267,163.15059,59.38188,TRUE,TRUE,2.969101,TRUE,TRUE,-41.580555,-68.66934,664.1115,TRUE,TRUE,12.710083,TRUE,TRUE,0.60912967,0.48215866,57.620438,155.33005,56.535416,TRUE,TRUE,3.3543854,TRUE,TRUE,20.172184,-75.5367,664.8632,TRUE,TRUE,12.618637,TRUE,TRUE
2893588653,2943985846,0.59585255,0.45435154,50.610165,163.09068,59.360077,TRUE,TRUE,2.9608002,TRUE,TRUE,-41.580414,-68.62186,664.0863,TRUE,TRUE,12.250519,TRUE,TRUE,0.6089077,0.48460847,57.503246,154.64635,56.286552,TRUE,TRUE,3.358841,TRUE,TRUE,20.169628,-75.50599,664.8632,TRUE,TRUE,11.949905,TRUE,TRUE
2893596987,2943994180,0.5964613,0.45419252,50.931564,163.13507,59.376232,TRUE,TRUE,2.9516144,TRUE,TRUE,-41.580147,-68.58246,664.01184,TRUE,TRUE,12.469101,TRUE,TRUE,0.6141901,0.4929328,60.29236,152.3231,55.440987,TRUE,TRUE,3.351059,TRUE,TRUE,20.155159,-75.468,664.7897,TRUE,TRUE,11.69928,TRUE,TRUE
2893605320,2944002513,0.59685564,0.45666414,51.139786,162.44525,59.125183,TRUE,TRUE,2.9436646,TRUE,TRUE,-41.58769,-68.53714,663.9594,TRUE,TRUE,12.47377,TRUE,TRUE,0.61258966,0.48671538,59.44735,154.05833,56.072563,TRUE,TRUE,3.3451538,TRUE,TRUE,20.146154,-75.45473,664.7151,TRUE,TRUE,12.570755,TRUE,TRUE
2893613653,2944010846,0.59816664,0.45864284,51.83201,161.89305,58.92418,TRUE,TRUE,2.948639,TRUE,TRUE,-41.585045,-68.50406,663.9104,TRUE,TRUE,11.974823,TRUE,TRUE,0.61209834,0.4834389,59.187943,154.97272,56.405388,TRUE,TRUE,3.3423004,TRUE,TRUE,20.141092,-75.443924,664.7165,TRUE,TRUE,11.604446,TRUE,TRUE
2893621987,2944019180,0.5954409,0.4565762,50.392807,162.46983,59.134056,TRUE,TRUE,2.940445,TRUE,TRUE,-41.58726,-68.4758,663.86176,TRUE,TRUE,12.410675,TRUE,TRUE,0.61064875,0.49199104,58.42256,152.58595,55.536636,TRUE,TRUE,3.3463287,TRUE,TRUE,20.141735,-75.443726,664.81506,TRUE,TRUE,12.047012,TRUE,TRUE
2893630320,2944027513,0.57672954,0.43920156,40.513206,167.3189,60.89899,TRUE,TRUE,2.9299927,TRUE,TRUE,-41.634003,-68.462906,663.9555,TRUE,TRUE,12.063416,TRUE,TRUE,0.596773,0.47571564,51.096188,157.1282,57.189903,TRUE,TRUE,3.3296204,TRUE,TRUE,20.05407,-75.436356,664.82007,TRUE,TRUE,12.233643,TRUE,TRUE
2893638653,2944035846,0.5637804,0.42609864,33.676064,170.97574,62.230026,TRUE,TRUE,2.936798,TRUE,TRUE,-41.678314,-68.45133,664.0009,TRUE,TRUE,12.445618,TRUE,TRUE,0.5818439,0.46019626,43.21359,161.4595,58.76635,TRUE,TRUE,3.324936,TRUE,TRUE,19.986015,-75.42874,664.74774,TRUE,TRUE,12.35585,TRUE,TRUE
2893646987,2944044181,0.56588763,0.43041492,34.78868,169.77113,61.791557,TRUE,TRUE,2.9356995,TRUE,TRUE,-41.703743,-68.45615,663.89746,TRUE,TRUE,12.417404,TRUE,TRUE,0.5815846,0.46175915,43.07666,161.02332,58.607605,TRUE,TRUE,3.316864,TRUE,TRUE,19.934273,-75.447296,664.7247,TRUE,TRUE,12.141251,TRUE,TRUE
2893655320,2944052514,0.5662663,0.43408972,34.98861,168.74556,61.418266,TRUE,TRUE,2.9232635,TRUE,TRUE,-41.715576,-68.47278,663.7213,TRUE,TRUE,12.098038,TRUE,TRUE,0.5817598,0.46223187,43.16916,160.89139,58.559586,TRUE,TRUE,3.318863,TRUE,TRUE,19.922316,-75.48752,664.67664,TRUE,TRUE,12.438583,TRUE,TRUE
2893663653,2944060847,0.56760806,0.4328289,35.69706,169.09743,61.546356,TRUE,TRUE,2.9132996,TRUE,TRUE,-41.741863,-68.518776,663.74365,TRUE,TRUE,12.538239,TRUE,TRUE,0.5834089,0.4662512,44.039917,159.76962,58.151302,TRUE,TRUE,3.3171997,TRUE,TRUE,19.910568,-75.53679,664.6022,TRUE,TRUE,12.518021,TRUE,TRUE
2893671987,2944069181,0.567053,0.43217683,35.40403,169.27939,61.612625,TRUE,TRUE,2.9187012,TRUE,TRUE,-41.759388,-68.55203,663.6174,TRUE,TRUE,12.194412,TRUE,TRUE,0.58589506,0.4645749,45.352585,160.23747,58.32161,TRUE,TRUE,3.314911,TRUE,TRUE,19.875961,-75.57791,664.38007,TRUE,TRUE,12.0130005,TRUE,TRUE
2893680320,2944077514,0.566023,0.43562773,34.86016,168.3163,61.262024,TRUE,TRUE,2.926941,TRUE,TRUE,-41.781876,-68.584946,663.4657,TRUE,TRUE,12.858948,TRUE,TRUE,0.5817557,0.46244633,43.16699,160.83153,58.53781,TRUE,TRUE,3.3101501,TRUE,TRUE,19.87392,-75.65312,664.479,TRUE,TRUE,12.37793,TRUE,TRUE
2893688653,2944085847,0.56786144,0.43307096,35.830845,169.02986,61.52177,TRUE,TRUE,2.9215546,TRUE,TRUE,-41.812283,-68.615814,663.3107,TRUE,TRUE,12.111145,TRUE,TRUE,0.5794855,0.4625482,41.96835,160.8031,58.527473,TRUE,TRUE,3.3064728,TRUE,TRUE,19.848633,-75.70253,664.45514,TRUE,TRUE,12.776794,TRUE,TRUE
2893696987,2944094181,0.56502193,0.43500805,34.331593,168.48924,61.32497,TRUE,TRUE,2.9062958,TRUE,TRUE,-41.84049,-68.653595,663.25903,TRUE,TRUE,12.092316,TRUE,TRUE,0.5790016,0.4638997,41.71286,160.42589,58.390213,TRUE,TRUE,3.3112183,TRUE,TRUE,19.816154,-75.743546,664.25885,TRUE,TRUE,12.977631,TRUE,TRUE
2893705320,2944102514,0.565585,0.431659,34.628887,169.42393,61.66516,TRUE,TRUE,2.9074707,TRUE,TRUE,-41.868027,-68.678986,663.056,TRUE,TRUE,12.097244,TRUE,TRUE,0.5799164,0.46549124,42.195858,159.98172,58.228527,TRUE,TRUE,3.300171,TRUE,TRUE,19.786575,-75.78564,664.03613,TRUE,TRUE,12.769974,TRUE,TRUE
2893713653,2944110847,0.5658616,0.4350138,34.774944,168.48763,61.324444,TRUE,TRUE,2.9098969,TRUE,TRUE,-41.898155,-68.697845,662.8784,TRUE,TRUE,12.091675,TRUE,TRUE,0.57868063,0.4594726,41.54338,161.66147,58.8399,TRUE,TRUE,3.297058,TRUE,TRUE,19.763668,-75.82428,664.01227,TRUE,TRUE,12.607025,TRUE,TRUE
2893721987,2944119181,0.56564337,0.43217587,34.659706,169.27963,61.6127,TRUE,TRUE,2.9093628,TRUE,TRUE,-41.939205,-68.71965,662.7971,TRUE,TRUE,12.236099,TRUE,TRUE,0.5807456,0.46357784,42.633644,160.51573,58.42289,TRUE,TRUE,3.3046265,TRUE,TRUE,19.722462,-75.84657,663.8646,TRUE,TRUE,12.181076,TRUE,TRUE
2893730320,2944127514,0.5661437,0.43267667,34.923878,169.1399,61.56183,TRUE,TRUE,2.9029999,TRUE,TRUE,-41.974155,-68.722046,662.5458,TRUE,TRUE,12.2916565,TRUE,TRUE,0.5826867,0.4688449,43.65859,159.04575,57.887882,TRUE,TRUE,3.2888184,TRUE,TRUE,19.694042,-75.87467,663.841,TRUE,TRUE,12.218231,TRUE,TRUE
2893738653,2944135847,0.5664096,0.4308436,35.064266,169.65149,61.748005,TRUE,TRUE,2.9024963,TRUE,TRUE,-42.026054,-68.739235,662.53876,TRUE,TRUE,12.035782,TRUE,TRUE,0.582244,0.4640963,43.424835,160.37103,58.370193,TRUE,TRUE,3.2863007,TRUE,TRUE,19.649708,-75.87703,663.5969,TRUE,TRUE,12.527313,TRUE,TRUE
2893746987,2944144181,0.5653211,0.43447107,34.489548,168.6391,61.379562,TRUE,TRUE,2.8934937,TRUE,TRUE,-42.06402,-68.74148,662.3863,TRUE,TRUE,12.358505,TRUE,TRUE,0.578484,0.46460202,41.43958,160.2299,58.318817,TRUE,TRUE,3.288391,TRUE,TRUE,19.617538,-75.893906,663.6467,TRUE,TRUE,12.410324,TRUE,TRUE
2893755320,2944152514,0.5685208,0.4399044,36.17901,167.12271,60.82762,TRUE,TRUE,2.90596,TRUE,TRUE,-42.11984,-68.7302,662.18134,TRUE,TRUE,12.401306,TRUE,TRUE,0.58045727,0.46379516,42.48144,160.4551,58.400787,TRUE,TRUE,3.290268,TRUE,TRUE,19.56781,-75.87778,663.525,TRUE,TRUE,12.304413,TRUE,TRUE
2893763653,2944160847,0.5652081,0.4354543,34.429886,168.36469,61.279625,TRUE,TRUE,2.8899078,TRUE,TRUE,-42.16848,-68.73902,662.0765,TRUE,TRUE,12.204163,TRUE,TRUE,0.58096266,0.4643721,42.748295,160.29407,58.3422,TRUE,TRUE,3.2818756,TRUE,TRUE,19.506813,-75.85018,663.3314,TRUE,TRUE,12.30603,TRUE,TRUE
2893771987,2944169181,0.56719995,0.44129395,35.48155,166.73492,60.68643,TRUE,TRUE,2.9026184,TRUE,TRUE,-42.245594,-68.72206,661.9702,TRUE,TRUE,12.430664,TRUE,TRUE,0.57932824,0.4636451,41.88531,160.49698,58.416016,TRUE,TRUE,3.275467,TRUE,TRUE,19.457294,-75.82979,663.20935,TRUE,TRUE,12.686249,TRUE,TRUE
2893780320,2944177515,0.56584185,0.4320843,34.76452,169.30522,61.62199,TRUE,TRUE,2.890091,TRUE,TRUE,-42.299225,-68.728485,661.8139,TRUE,TRUE,12.288071,TRUE,TRUE,0.5792484,0.46477878,41.843193,160.18057,58.300888,TRUE,TRUE,3.2809296,TRUE,TRUE,19.390755,-75.79112,663.0405,TRUE,TRUE,11.985825,TRUE,TRUE
2893788653,2944185848,0.56351894,0.4365964,33.538,168.04596,61.16363,TRUE,TRUE,2.8872986,TRUE,TRUE,-42.373234,-68.719604,661.6798,TRUE,TRUE,12.777649,TRUE,TRUE,0.5811542,0.4647294,42.849434,160.19435,58.305916,TRUE,TRUE,3.2795258,TRUE,TRUE,19.319246,-75.759964,662.96906,TRUE,TRUE,12.585327,TRUE,TRUE
2893796987,2944194182,0.56505704,0.43531787,34.35015,168.40277,61.293495,TRUE,TRUE,2.8920593,TRUE,TRUE,-42.444016,-68.7138,661.3998,TRUE,TRUE,12.568512,TRUE,TRUE,0.5797535,0.46415305,42.109848,160.3552,58.36448,TRUE,TRUE,3.2812042,TRUE,TRUE,19.247963,-75.72662,662.77515,TRUE,TRUE,13.09668,TRUE,TRUE
2893805320,2944202515,0.5660876,0.43633223,34.89425,168.11969,61.190464,TRUE,TRUE,2.8909454,TRUE,TRUE,-42.542797,-68.73948,661.4624,TRUE,TRUE,12.422241,TRUE,TRUE,0.5805744,0.46461344,42.54329,160.2267,58.317696,TRUE,TRUE,3.2704926,TRUE,TRUE,19.17712,-75.708824,662.80255,TRUE,TRUE,12.7990265,TRUE,TRUE
2893813653,2944210848,0.5640826,0.4345694,33.835617,168.61168,61.369537,TRUE,TRUE,2.8826752,TRUE,TRUE,-42.61854,-68.74789,661.1808,TRUE,TRUE,11.631821,TRUE,TRUE,0.57849,0.4638148,41.44275,160.44958,58.39884,TRUE,TRUE,3.2717896,TRUE,TRUE,19.089282999999998,-75.68492,662.53467,TRUE,TRUE,12.488541,TRUE,TRUE
2893821987,2944219182,0.56906104,0.43970442,36.464256,167.17856,60.847908,TRUE,TRUE,2.8832092,TRUE,TRUE,-42.71093,-68.76634,661.0484,TRUE,TRUE,12.338058,TRUE,TRUE,0.5796607,0.4636395,42.060883,160.4985,58.416626,TRUE,TRUE,3.2683563,TRUE,TRUE,19.006538,-75.679985,662.51416,TRUE,TRUE,12.187683,TRUE,TRUE
2893830320,2944227515,0.5671749,0.43861878,35.468384,167.48154,60.95823,TRUE,TRUE,2.8854675,TRUE,TRUE,-42.80324,-68.79848,660.9615,TRUE,TRUE,12.059143,TRUE,TRUE,0.5790398,0.46275777,41.733032,160.7446,58.506157,TRUE,TRUE,3.2676086,TRUE,TRUE,18.92177,-75.67084,662.3452,TRUE,TRUE,12.45108,TRUE,TRUE
2893838653,2944235848,0.5639421,0.4342211,33.76139,168.70888,61.404907,TRUE,TRUE,2.8773346,TRUE,TRUE,-42.88481,-68.83046,660.80225,TRUE,TRUE,12.100113,TRUE,TRUE,0.5815537,0.46252418,43.060375,160.80978,58.5299,TRUE,TRUE,3.25766,TRUE,TRUE,18.826042,-75.662766,662.2012,TRUE,TRUE,13.193878,TRUE,TRUE
2893846987,2944244182,0.56802356,0.43836737,35.916428,167.5517,60.983746,TRUE,TRUE,2.8794708,TRUE,TRUE,-42.987946,-68.86951,660.74005,TRUE,TRUE,12.211029,TRUE,TRUE,0.5785589,0.46317118,41.47914,160.62924,58.464207,TRUE,TRUE,3.2590027,TRUE,TRUE,18.750828,-75.66972,662.0807,TRUE,TRUE,12.461502,TRUE,TRUE
2893855320,2944252515,0.5650072,0.4423405,34.323814,166.44284,60.58014,TRUE,TRUE,2.869461,TRUE,TRUE,-43.07466,-68.90202,660.608,TRUE,TRUE,12.141739,TRUE,TRUE,0.5815899,0.46282554,43.079468,160.72571,58.499283,TRUE,TRUE,3.251892,TRUE,TRUE,18.658695,-75.68034,662.0122,TRUE,TRUE,12.529648,TRUE,TRUE
2893863653,2944260848,0.5644297,0.43976545,34.018898,167.1615,60.841743,TRUE,TRUE,2.869339,TRUE,TRUE,-43.15455,-68.948814,660.5482,TRUE,TRUE,12.182449,TRUE,TRUE,0.57793266,0.4625296,41.14845,160.8083,58.52936,TRUE,TRUE,3.261917,TRUE,TRUE,18.580154,-75.68091,661.8168,TRUE,TRUE,12.852585,TRUE,TRUE
2893871987,2944269182,0.5667137,0.4374544,35.224865,167.80649,61.076492,TRUE,TRUE,2.8806,TRUE,TRUE,-43.25542,-68.98069,660.5603,TRUE,TRUE,12.495422,TRUE,TRUE,0.58256334,0.46941397,43.593445,158.88693,57.830055,TRUE,TRUE,3.2501526,TRUE,TRUE,18.489063,-75.67689,661.69885,TRUE,TRUE,12.415222,TRUE,TRUE
2893880320,2944277515,0.5635184,0.43506837,33.537743,168.4724,61.318863,TRUE,TRUE,2.8737946,TRUE,TRUE,-43.312523,-68.99339,660.2825,TRUE,TRUE,12.323563,TRUE,TRUE,0.57761085,0.46237856,40.978523,160.85046,58.5447,TRUE,TRUE,3.2538299999999998,TRUE,TRUE,18.429813,-75.6827,661.5785,TRUE,TRUE,12.540924,TRUE,TRUE
2893888653,2944285848,0.5659083,0.43978286,34.79959,167.15665,60.83996,TRUE,TRUE,2.865982,TRUE,TRUE,-43.395687,-69.01527,660.3481,TRUE,TRUE,12.330414,TRUE,TRUE,0.5798479,0.46089238,42.1597,161.2652,58.695694,TRUE,TRUE,3.2476501,TRUE,TRUE,18.35977,-75.701485,661.6797,TRUE,TRUE,12.484833,TRUE,TRUE
2893896987,2944294182,0.5653055,0.4440871,34.481316,165.95537,60.402744,TRUE,TRUE,2.875885,TRUE,TRUE,-43.472088,-69.041565,660.214,TRUE,TRUE,12.724548,TRUE,TRUE,0.5796563,0.4677501,42.05854,159.35132,57.999035,TRUE,TRUE,3.2416534,TRUE,TRUE,18.29365,-75.69989,661.51056,TRUE,TRUE,11.825516,TRUE,TRUE
2893905320,2944302515,0.5656706,0.43795162,34.674095,167.66771,61.026005,TRUE,TRUE,2.8629303,TRUE,TRUE,-43.547947,-69.090034,660.30457,TRUE,TRUE,11.958786,TRUE,TRUE,0.5826036,0.4658336,43.61467,159.88618,58.193733,TRUE,TRUE,3.2399902,TRUE,TRUE,18.241486,-75.72519,661.5138,TRUE,TRUE,12.458008,TRUE,TRUE
2893913653,2944310848,0.5658337,0.442603,34.760212,166.36957,60.553474,TRUE,TRUE,2.8739471,TRUE,TRUE,-43.595543,-69.11458,660.15015,TRUE,TRUE,12.099411,TRUE,TRUE,0.57941854,0.46535563,41.933033,160.01956,58.24229,TRUE,TRUE,3.2306824,TRUE,TRUE,18.20347,-75.76505,661.5875,TRUE,TRUE,12.329803,TRUE,TRUE
2893921987,2944319183,0.5661707,0.43886203,34.93813,167.41365,60.93347,TRUE,TRUE,2.8552704,TRUE,TRUE,-43.649796,-69.146416,660.1436,TRUE,TRUE,12.165665,TRUE,TRUE,NA,NA,NA,NA,NA,FALSE,TRUE,NA,FALSE,TRUE,NA,NA,NA,FALSE,TRUE,12.072998,TRUE,TRUE
2893930320,2944327516,0.56511253,0.44730723,34.379414,165.05667,60.07563,TRUE,TRUE,2.855606,TRUE,TRUE,-43.6991,-69.17514,660.2117,TRUE,TRUE,11.176514,TRUE,TRUE,0.594137,0.46485353,49.70434,160.15973,58.293247,TRUE,TRUE,3.1980896,TRUE,TRUE,18.13292,-75.7841,661.469,TRUE,TRUE,11.431274,TRUE,TRUE
2893938653,2944335849,0.57087415,0.43320805,37.42157,168.99161,61.507782,TRUE,TRUE,2.875122,TRUE,TRUE,-43.719536,-69.19227,660.1104,TRUE,TRUE,10.686539,TRUE,TRUE,NA,NA,NA,NA,NA,FALSE,TRUE,NA,FALSE,TRUE,NA,NA,NA,FALSE,TRUE,10.380569,TRUE,TRUE
2893946987,2944344183,NA,NA,NA,NA,NA,FALSE,TRUE,NA,FALSE,TRUE,NA,NA,NA,FALSE,TRUE,9.348221,TRUE,TRUE,NA,NA,NA,NA,NA,FALSE,TRUE,NA,FALSE,TRUE,NA,NA,NA,FALSE,TRUE,8.746536,TRUE,TRUE
2893955320,2944352516,NA,NA,NA,NA,NA,FALSE,TRUE,NA,FALSE,TRUE,NA,NA,NA,FALSE,TRUE,7.673279,TRUE,TRUE,NA,NA,NA,NA,NA,FALSE,TRUE,NA,FALSE,TRUE,NA,NA,NA,FALSE,TRUE,6.6322174,TRUE,TRUE
2893963653,2944360849,NA,NA,NA,NA,NA,FALSE,TRUE,NA,FALSE,TRUE,NA,NA,NA,FALSE,TRUE,5.481537,TRUE,TRUE,NA,NA,NA,NA,NA,FALSE,TRUE,NA,FALSE,TRUE,NA,NA,NA,FALSE,TRUE,3.9728546,TRUE,TRUE
2893971987,2944369183,NA,NA,NA,NA,NA,FALSE,TRUE,NA,FALSE,TRUE,NA,NA,NA,FALSE,TRUE,4.4128723,TRUE,TRUE,NA,NA,NA,NA,NA,FALSE,TRUE,NA,FALSE,TRUE,NA,NA,NA,FALSE,TRUE,1.7532806,TRUE,TRUE
2893980320,2944377516,NA,NA,NA,NA,NA,FALSE,TRUE,NA,FALSE,TRUE,NA,NA,NA,FALSE,TRUE,3.2157745,TRUE,TRUE,NA,NA,NA,NA,NA,FALSE,TRUE,NA,FALSE,TRUE,NA,NA,NA,FALSE,TRUE,2.042984,TRUE,TRUE
2893988653,2944385849,NA,NA,NA,NA,NA,FALSE,TRUE,NA,FALSE,TRUE,NA,NA,NA,FALSE,TRUE,3.435028,TRUE,TRUE,NA,NA,NA,NA,NA,FALSE,TRUE,NA,FALSE,TRUE,NA,NA,NA,FALSE,TRUE,1.806427,TRUE,TRUE
2893996987,2944394183,NA,NA,NA,NA,NA,FALSE,TRUE,NA,FALSE,TRUE,NA,NA,NA,FALSE,TRUE,3.0313416,TRUE,TRUE,NA,NA,NA,NA,NA,FALSE,TRUE,NA,FALSE,TRUE,NA,NA,NA,FALSE,TRUE,1.5002899,TRUE,TRUE
2894005320,2944402516,NA,NA,NA,NA,NA,FALSE,TRUE,NA,FALSE,TRUE,NA,NA,NA,FALSE,TRUE,3.2130585,TRUE,TRUE,NA,NA,NA,NA,NA,FALSE,TRUE,NA,FALSE,TRUE,NA,NA,NA,FALSE,TRUE,1.6975555,TRUE,TRUE
2894013653,2944410849,NA,NA,NA,NA,NA,FALSE,TRUE,NA,FALSE,TRUE,NA,NA,NA,FALSE,TRUE,2.5530243,TRUE,TRUE,NA,NA,NA,NA,NA,FALSE,TRUE,NA,FALSE,TRUE,NA,NA,NA,FALSE,TRUE,1.3207397,TRUE,TRUE
2894021987,2944419183,NA,NA,NA,NA,NA,FALSE,TRUE,NA,FALSE,TRUE,NA,NA,NA,FALSE,TRUE,2.7453766,TRUE,TRUE,NA,NA,NA,NA,NA,FALSE,TRUE,NA,FALSE,TRUE,NA,NA,NA,FALSE,TRUE,1.6103973,TRUE,TRUE
2894030320,2944427516,NA,NA,NA,NA,NA,FALSE,TRUE,NA,FALSE,TRUE,NA,NA,NA,FALSE,TRUE,2.0425568,TRUE,TRUE,NA,NA,NA,NA,NA,FALSE,TRUE,NA,FALSE,TRUE,NA,NA,NA,FALSE,TRUE,1.577713,TRUE,TRUE
2894038653,2944435849,NA,NA,NA,NA,NA,FALSE,TRUE,NA,FALSE,TRUE,NA,NA,NA,FALSE,TRUE,1.6330109,TRUE,TRUE,NA,NA,NA,NA,NA,FALSE,TRUE,NA,FALSE,TRUE,NA,NA,NA,FALSE,TRUE,1.3630676,TRUE,TRUE
2894046987,2944444183,NA,NA,NA,NA,NA,FALSE,TRUE,NA,FALSE,TRUE,NA,NA,NA,FALSE,TRUE,3.5291748,TRUE,TRUE,NA,NA,NA,NA,NA,FALSE,TRUE,NA,FALSE,TRUE,NA,NA,NA,FALSE,TRUE,1.05867,TRUE,TRUE
2894055320,2944452516,NA,NA,NA,NA,NA,FALSE,TRUE,NA,FALSE,TRUE,NA,NA,NA,FALSE,TRUE,4.1779175,TRUE,TRUE,NA,NA,NA,NA,NA,FALSE,TRUE,NA,FALSE,TRUE,NA,NA,NA,FALSE,TRUE,2.0332794,TRUE,TRUE
2894063653,2944460850,NA,NA,NA,NA,NA,FALSE,TRUE,NA,FALSE,TRUE,NA,NA,NA,FALSE,TRUE,4.8384705,TRUE,TRUE,NA,NA,NA,NA,NA,FALSE,TRUE,NA,FALSE,TRUE,NA,NA,NA,FALSE,TRUE,2.680069,TRUE,TRUE
2894071987,2944469184,NA,NA,NA,NA,NA,FALSE,TRUE,NA,FALSE,TRUE,NA,NA,NA,FALSE,TRUE,4.7031555,TRUE,TRUE,NA,NA,NA,NA,NA,FALSE,TRUE,NA,FALSE,TRUE,NA,NA,NA,FALSE,TRUE,3.9723816,TRUE,TRUE
2894080320,2944477517,NA,NA,NA,NA,NA,FALSE,TRUE,NA,FALSE,TRUE,NA,NA,NA,FALSE,TRUE,5.735794,TRUE,TRUE,NA,NA,NA,NA,NA,FALSE,TRUE,NA,FALSE,TRUE,NA,NA,NA,FALSE,TRUE,5.5863037,TRUE,TRUE
2894088653,2944485850,NA,NA,NA,NA,NA,FALSE,TRUE,NA,FALSE,TRUE,NA,NA,NA,FALSE,TRUE,5.857544,TRUE,TRUE,NA,NA,NA,NA,NA,FALSE,TRUE,NA,FALSE,TRUE,NA,NA,NA,FALSE,TRUE,6.233368,TRUE,TRUE
2894096987,2944494184,NA,NA,NA,NA,NA,FALSE,TRUE,NA,FALSE,TRUE,NA,NA,NA,FALSE,TRUE,6.4552155,TRUE,TRUE,NA,NA,NA,NA,NA,FALSE,TRUE,NA,FALSE,TRUE,NA,NA,NA,FALSE,TRUE,6.5887604,TRUE,TRUE
2894105320,2944502517,NA,NA,NA,NA,NA,FALSE,TRUE,NA,FALSE,TRUE,NA,NA,NA,FALSE,TRUE,7.6159515,TRUE,TRUE,NA,NA,NA,NA,NA,FALSE,TRUE,NA,FALSE,TRUE,NA,NA,NA,FALSE,TRUE,7.465622,TRUE,TRUE
2894113653,2944510850,NA,NA,NA,NA,NA,FALSE,TRUE,NA,FALSE,TRUE,NA,NA,NA,FALSE,TRUE,7.6736298,TRUE,TRUE,NA,NA,NA,NA,NA,FALSE,TRUE,NA,FALSE,TRUE,NA,NA,NA,FALSE,TRUE,7.386856,TRUE,TRUE
2894121987,2944519184,NA,NA,NA,NA,NA,FALSE,TRUE,NA,FALSE,TRUE,NA,NA,NA,FALSE,TRUE,8.560272,TRUE,TRUE,NA,NA,NA,NA,NA,FALSE,TRUE,NA,FALSE,TRUE,NA,NA,NA,FALSE,TRUE,8.182404,TRUE,TRUE
2894130320,2944527517,NA,NA,NA,NA,NA,FALSE,TRUE,NA,FALSE,TRUE,NA,NA,NA,FALSE,TRUE,8.86824,TRUE,TRUE,NA,NA,NA,NA,NA,FALSE,TRUE,NA,FALSE,TRUE,NA,NA,NA,FALSE,TRUE,8.205185,TRUE,TRUE
2894138653,2944535850,NA,NA,NA,NA,NA,FALSE,TRUE,NA,FALSE,TRUE,NA,NA,NA,FALSE,TRUE,9.482285,TRUE,TRUE,NA,NA,NA,NA,NA,FALSE,TRUE,NA,FALSE,TRUE,NA,NA,NA,FALSE,TRUE,8.922012,TRUE,TRUE
2894146987,2944544184,0.56047857,0.5871872,31.932686,126.01778,45.866695,TRUE,TRUE,2.8542023,TRUE,TRUE,-42.86042,-69.49837,658.46344,TRUE,TRUE,9.613419,TRUE,TRUE,NA,NA,NA,NA,NA,FALSE,TRUE,NA,FALSE,TRUE,NA,NA,NA,FALSE,TRUE,9.083282,TRUE,TRUE
2894155320,2944552517,0.5682069,0.5897456,36.013233,125.303764,45.60678,TRUE,TRUE,2.8597717,TRUE,TRUE,-42.793476,-69.584114,658.3485,TRUE,TRUE,9.322128,TRUE,TRUE,NA,NA,NA,NA,NA,FALSE,TRUE,NA,FALSE,TRUE,NA,NA,NA,FALSE,TRUE,10.057175,TRUE,TRUE
2894163653,2944560850,0.56769097,0.58159775,35.740864,127.57772,46.43445,TRUE,TRUE,2.8803253,TRUE,TRUE,-42.696487,-69.70795,658.1125,TRUE,TRUE,9.934402,TRUE,TRUE,0.59399456,0.61655515,49.629135,117.82153,42.88344,TRUE,TRUE,3.1827393,TRUE,TRUE,19.198708,-75.650475,659.38336,TRUE,TRUE,9.361938,TRUE,TRUE
2894171987,2944569184,0.57006514,0.5853454,36.9944,126.53183,46.05374,TRUE,TRUE,2.876587,TRUE,TRUE,-42.61103,-69.85387,658.00116,TRUE,TRUE,10.156204,TRUE,TRUE,0.59341145,0.61222434,49.32124,119.0302,43.323395,TRUE,TRUE,3.2085876,TRUE,TRUE,19.294762,-75.83069,659.25525,TRUE,TRUE,9.956253,TRUE,TRUE
2894180320,2944577517,0.56519365,0.58403134,34.422287,126.89854,46.18724,TRUE,TRUE,2.8764496,TRUE,TRUE,-42.50177,-70.06623,657.8666,TRUE,TRUE,10.402145,TRUE,TRUE,0.5945633,0.6045004,49.929417,121.185875,44.107994,TRUE,TRUE,3.2229004,TRUE,TRUE,19.394873,-76.06441,659.1522,TRUE,TRUE,10.31546,TRUE,TRUE
2894188653,2944585850,0.567851,0.5811074,35.825306,127.7146,46.484272,TRUE,TRUE,2.8943787,TRUE,TRUE,-42.3983,-70.30444,657.72986,TRUE,TRUE,10.902496,TRUE,TRUE,0.59518003,0.6034224,50.255074,121.48672,44.21749,TRUE,TRUE,3.2350159,TRUE,TRUE,19.495384,-76.32396,658.9016,TRUE,TRUE,10.479279,TRUE,TRUE
2894196987,2944594185,NA,NA,NA,NA,NA,FALSE,TRUE,NA,FALSE,TRUE,NA,NA,NA,FALSE,TRUE,11.006454,TRUE,TRUE,0.5928762,0.6040487,49.038643,121.31193,44.15387,TRUE,TRUE,3.2303314,TRUE,TRUE,19.619593,-76.62213,658.7987,TRUE,TRUE,10.820251,TRUE,TRUE
2894205320,2944602518,0.56893116,0.57611734,36.395668,129.10727,46.99117,TRUE,TRUE,2.9049377,TRUE,TRUE,-42.15786,-70.876656,657.48926,TRUE,TRUE,10.931229,TRUE,TRUE,0.59425145,0.6045147,49.764774,121.1819,44.10652,TRUE,TRUE,3.2379913,TRUE,TRUE,19.742407,-76.95712,658.7189,TRUE,TRUE,10.718811,TRUE,TRUE
2894213653,2944610851,0.569746,0.57601583,36.825916,129.13559,47.001465,TRUE,TRUE,2.920044,TRUE,TRUE,-42.028843,-71.20668,657.4059,TRUE,TRUE,10.841507,TRUE,TRUE,0.59279203,0.60475755,48.99418,121.11409,44.081886,TRUE,TRUE,3.254486,TRUE,TRUE,19.87309,-77.30502,658.51434,TRUE,TRUE,10.744293,TRUE,TRUE
2894221987,2944619185,0.5723785,0.58061403,38.21585,127.852264,46.53441,TRUE,TRUE,2.9284668,TRUE,TRUE,-41.88933,-71.5242,657.2985,TRUE,TRUE,11.224121,TRUE,TRUE,0.5906635,0.60277855,47.87033,121.66643,44.282875,TRUE,TRUE,3.2529297,TRUE,TRUE,20.014244,-77.68056,658.4347,TRUE,TRUE,10.579437,TRUE,TRUE
2894230320,2944627518,0.5697758,0.57784593,36.841637,128.62483,46.81555,TRUE,TRUE,2.9197845,TRUE,TRUE,-41.74183,-71.85002,657.1442,TRUE,TRUE,11.569489,TRUE,TRUE,0.5923029,0.60501695,48.73593,121.04172,44.055527,TRUE,TRUE,3.2601318,TRUE,TRUE,20.152536,-78.057846,658.35376,TRUE,TRUE,10.646088,TRUE,TRUE
2894238653,2944635851,0.56985503,0.57586324,36.883476,129.17819,47.01692,TRUE,TRUE,2.923523,TRUE,TRUE,-41.59279,-72.190704,657.1135,TRUE,TRUE,11.131424,TRUE,TRUE,0.5986823,0.6014899,52.104256,122.02609,44.413742,TRUE,TRUE,3.2521973,TRUE,TRUE,20.293484,-78.42638,658.2752,TRUE,TRUE,11.405518,TRUE,TRUE
2894246987,2944644185,0.5703109,0.583725,37.124176,126.98406,46.218346,TRUE,TRUE,2.9397888,TRUE,TRUE,-41.440292,-72.48562,656.98303,TRUE,TRUE,11.614395,TRUE,TRUE,0.59290177,0.59881616,49.052135,122.77226,44.68539,TRUE,TRUE,3.2734375,TRUE,TRUE,20.441093,-78.80049,658.1181,TRUE,TRUE,10.550674,TRUE,TRUE
2894255320,2944652518,0.5691241,0.580495,36.497547,127.88551,46.54645,TRUE,TRUE,2.936386,TRUE,TRUE,-41.280674,-72.773926,656.9286,TRUE,TRUE,11.446976,TRUE,TRUE,0.5918388,0.59546864,48.4909,123.7065,45.025436,TRUE,TRUE,3.2887726,TRUE,TRUE,20.590046,-79.16581,658.16010000000006,TRUE,TRUE,11.5937805,TRUE,TRUE
2894263653,2944660851,0.57108366,0.57586664,37.532223,129.17723,47.0166,TRUE,TRUE,2.94664,TRUE,TRUE,-41.126457,-73.03516,656.8722,TRUE,TRUE,12.024384,TRUE,TRUE,0.59243894,0.5984218,48.80777,122.882324,44.72544,TRUE,TRUE,3.290207,TRUE,TRUE,20.736681,-79.49041,658.0539,TRUE,TRUE,11.274902,TRUE,TRUE
2894271987,2944669185,0.5696839,0.5811143,36.793144,127.71269,46.483494,TRUE,TRUE,2.9485168,TRUE,TRUE,-40.96926,-73.25127,656.791,TRUE,TRUE,11.9192505,TRUE,TRUE,0.5918036,0.5985682,48.472336,122.84148,44.71057,TRUE,TRUE,3.292923,TRUE,TRUE,20.88168,-79.795204,658.02014,TRUE,TRUE,11.413025,TRUE,TRUE
2894280320,2944677518,0.5705681,0.57693267,37.25998,128.87971,46.90831,TRUE,TRUE,2.9576263,TRUE,TRUE,-40.817474,-73.438354,656.7368,TRUE,TRUE,11.829712,TRUE,TRUE,0.5918726,0.5991397,48.50871,122.68196,44.652546,TRUE,TRUE,3.2934875,TRUE,TRUE,21.029022,-80.06427,658.0123,TRUE,TRUE,11.633408,TRUE,TRUE
2894288653,2944685851,0.57012033,0.57676506,37.02352,128.9265,46.92532,TRUE,TRUE,2.9717407,TRUE,TRUE,-40.66588,-73.586586,656.75287,TRUE,TRUE,11.885773,TRUE,TRUE,0.5920943,0.59679556,48.625786,123.3362,44.890663,TRUE,TRUE,3.299408,TRUE,TRUE,21.17709,-80.29669,658.1024,TRUE,TRUE,11.285721,TRUE,TRUE
2894296987,2944694185,0.56991774,0.580229,36.916588,127.959755,46.57344,TRUE,TRUE,2.9683533,TRUE,TRUE,-40.511482,-73.67796,656.69763,TRUE,TRUE,12.215744,TRUE,TRUE,0.59250546,0.59182215,48.842873,124.72423,45.39585,TRUE,TRUE,3.3089142,TRUE,TRUE,21.31963,-80.47834,658.0457,TRUE,TRUE,12.060394,TRUE,TRUE
2894305320,2944702518,0.56974065,0.5768561,36.823067,128.90106,46.916115,TRUE,TRUE,2.9721375,TRUE,TRUE,-40.36755,-73.73422,656.63885,TRUE,TRUE,12.170029,TRUE,TRUE,0.59008485,0.5973672,47.564816,123.17665,44.83257,TRUE,TRUE,3.317459,TRUE,TRUE,21.461433,-80.60341,658.08875,TRUE,TRUE,11.644089,TRUE,TRUE
2894313653,2944710852,0.57153285,0.57797706,37.769363,128.58821,46.80224,TRUE,TRUE,2.9855804,TRUE,TRUE,-40.223766,-73.744156,656.63025,TRUE,TRUE,12.409561,TRUE,TRUE,0.59067047,0.59866226,47.873997,122.81525,44.701035,TRUE,TRUE,3.314804,TRUE,TRUE,21.603498,-80.68444,658.0552,TRUE,TRUE,11.787048,TRUE,TRUE
2894321987,2944719186,0.56890255,0.58062065,36.38054,127.85042,46.533756,TRUE,TRUE,2.994156,TRUE,TRUE,-40.08736,-73.71242,656.6458,TRUE,TRUE,11.7872925,TRUE,TRUE,0.58949435,0.59385276,47.253014,124.1575,45.189594,TRUE,TRUE,3.3289032,TRUE,TRUE,21.734568,-80.72496,658.0984,TRUE,TRUE,11.051239,TRUE,TRUE
2894330320,2944727519,0.5708823,0.58304644,37.425858,127.17343,46.28728,TRUE,TRUE,2.9902954,TRUE,TRUE,-39.958897,-73.62964,656.6353,TRUE,TRUE,11.810211,TRUE,TRUE,0.5919949,0.5948766,48.573326,123.87178,45.085533,TRUE,TRUE,3.3391113,TRUE,TRUE,21.860422,-80.70505,658.11456,TRUE,TRUE,11.453842,TRUE,TRUE
2894338653,2944735852,0.57086426,0.58228815,37.416344,127.38507,46.364265,TRUE,TRUE,2.999817,TRUE,TRUE,-39.83302,-73.52778,656.5989,TRUE,TRUE,12.260574,TRUE,TRUE,0.59081817,0.5992734,47.951996,122.644684,44.638916,TRUE,TRUE,3.3476257,TRUE,TRUE,21.98092,-80.64869,658.1576,TRUE,TRUE,11.554443,TRUE,TRUE
2894346987,2944744186,0.5713885,0.57648194,37.693123,129.00552,46.954075,TRUE,TRUE,3.005661,TRUE,TRUE,-39.720016,-73.38598,656.5626,TRUE,TRUE,12.208786,TRUE,TRUE,0.5896914,0.5988332,47.357063,122.76755,44.683628,TRUE,TRUE,3.3502197,TRUE,TRUE,22.094685,-80.5499,658.14984,TRUE,TRUE,11.25177,TRUE,TRUE
2894355320,2944752519,0.57244396,0.5811759,38.250416,127.695465,46.477276,TRUE,TRUE,3.018631,TRUE,TRUE,-39.612106,-73.21896,656.5264,TRUE,TRUE,11.785477,TRUE,TRUE,0.5900947,0.5951183,47.57001,123.804306,45.060997,TRUE,TRUE,3.3513794,TRUE,TRUE,22.199734,-80.41106,658.0496,TRUE,TRUE,11.588928,TRUE,TRUE
2894363653,2944760853,0.5710263,0.58143234,37.501926,127.6239,46.451244,TRUE,TRUE,3.030487,TRUE,TRUE,-39.511944,-73.04472,656.61035,TRUE,TRUE,12.172943,TRUE,TRUE,0.5897893,0.59970033,47.40873,122.5255,44.595566,TRUE,TRUE,3.350357,TRUE,TRUE,22.30186,-80.2583,658.1168,TRUE,TRUE,11.828369,TRUE,TRUE
2894371987,2944769187,0.57172084,0.5820432,37.868618,127.4534,46.389233,TRUE,TRUE,3.0358276,TRUE,TRUE,-39.414345,-72.84531,656.5253,TRUE,TRUE,12.269424,TRUE,TRUE,0.5904263,0.59735405,47.74512,123.18034,44.833855,TRUE,TRUE,3.3662415,TRUE,TRUE,22.398485,-80.09481,658.1831,TRUE,TRUE,12.459656,TRUE,TRUE
2894380320,2944777520,0.5703578,0.5830555,37.148926,127.17093,46.28628,TRUE,TRUE,3.0402985,TRUE,TRUE,-39.32673,-72.627495,656.4352,TRUE,TRUE,12.601105,TRUE,TRUE,0.5932568,0.5945784,49.23957,123.954994,45.115856,TRUE,TRUE,3.3621826,TRUE,TRUE,22.47443,-79.90224,658.10815,TRUE,TRUE,12.531677,TRUE,TRUE
2894388653,2944785853,0.57144094,0.57859707,37.720818,128.4152,46.739265,TRUE,TRUE,3.0400848,TRUE,TRUE,-39.252518,-72.42405,656.5157,TRUE,TRUE,12.523132,TRUE,TRUE,0.5907147,0.595636,47.897354,123.65981,45.008446,TRUE,TRUE,3.3753815,TRUE,TRUE,22.561104,-79.7135,658.1758,TRUE,TRUE,12.5125885,TRUE,TRUE
2894396987,2944794187,0.5696916,0.58121973,36.79718,127.68325,46.47281,TRUE,TRUE,3.0529327,TRUE,TRUE,-39.180405,-72.20167,656.4271,TRUE,TRUE,12.292572,TRUE,TRUE,0.59135926,0.59815717,48.237682,122.95618,44.75232,TRUE,TRUE,3.381073,TRUE,TRUE,22.6269,-79.499374,658.0998,TRUE,TRUE,11.499161,TRUE,TRUE
2894405320,2944802520,0.5705892,0.5784745,37.271088,128.4494,46.751663,TRUE,TRUE,3.0582733,TRUE,TRUE,-39.11365,-71.99564,656.4077,TRUE,TRUE,12.405899,TRUE,TRUE,0.5885615,0.59754837,46.760468,123.1261,44.814148,TRUE,TRUE,3.3780975,TRUE,TRUE,22.69153,-79.30167,658.0969,TRUE,TRUE,11.72847,TRUE,TRUE
2894413653,2944810853,0.5717238,0.5802232,37.8702,127.961334,46.5741,TRUE,TRUE,3.0633392,TRUE,TRUE,-39.062214,-71.785446,656.36383,TRUE,TRUE,12.275177,TRUE,TRUE,0.5898887,0.6032369,47.461227,121.53849,44.236313,TRUE,TRUE,3.3945465,TRUE,TRUE,22.742687,-79.09248,658.11914,TRUE,TRUE,12.427658,TRUE,TRUE
2894421987,2944819187,0.57488716,0.5450894,39.540424,137.76677,50.142982,TRUE,TRUE,3.072586,TRUE,TRUE,-38.983833,-71.534386,656.4487,TRUE,TRUE,12.17955,TRUE,TRUE,0.59701324,0.5714781,51.223015,130.40201,47.46238,TRUE,TRUE,3.4010315,TRUE,TRUE,22.793985,-78.835266,658.2375,TRUE,TRUE,11.848755,TRUE,TRUE
2894430320,2944827520,0.5827211,0.46377754,43.67675,160.45999,58.40262,TRUE,TRUE,3.085373,TRUE,TRUE,-38.873024,-71.269875,656.3141,TRUE,TRUE,11.860611,TRUE,TRUE,0.6077888,0.49891108,56.912514,150.65466,54.833706,TRUE,TRUE,3.4307709,TRUE,TRUE,22.801022,-78.53841,658.213,TRUE,TRUE,11.966171,TRUE,TRUE
2894438653,2944835853,0.5930264,0.43307424,49.117935,169.02895,61.521416,TRUE,TRUE,3.086197,TRUE,TRUE,-38.791973,-71.05064,656.49207,TRUE,TRUE,12.445007,TRUE,TRUE,0.61255795,0.46321583,59.43061,160.61676,58.459656,TRUE,TRUE,3.4248657,TRUE,TRUE,22.8185,-78.29827,658.3845,TRUE,TRUE,12.205566,TRUE,TRUE
2894446987,2944844187,0.59405243,0.41858804,49.659676,173.07187,62.992947,TRUE,TRUE,3.0816803,TRUE,TRUE,-38.75387,-70.86718,656.3521,TRUE,TRUE,12.026459,TRUE,TRUE,0.60798323,0.44735822,57.01517,165.04245,60.070427,TRUE,TRUE,3.4322205,TRUE,TRUE,22.83126,-78.10912,658.40845,TRUE,TRUE,12.500565,TRUE,TRUE
2894455320,2944852520,0.59181654,0.44556454,48.47912,165.54303,60.25268,TRUE,TRUE,3.089859,TRUE,TRUE,-38.778786,-70.757805,656.3236,TRUE,TRUE,12.570648,TRUE,TRUE,0.6096382,0.46515304,57.88897,160.07611,58.26287,TRUE,TRUE,3.430191,TRUE,TRUE,22.850386,-77.97832,658.3348,TRUE,TRUE,12.381683,TRUE,TRUE
2894463653,2944860853,0.5906302,0.44300503,47.852737,166.25739,60.512638,TRUE,TRUE,3.0978851,TRUE,TRUE,-38.812263,-70.6753,656.3448,TRUE,TRUE,12.694199,TRUE,TRUE,0.6058109,0.46496218,55.86817,160.1294,58.282257,TRUE,TRUE,3.427658,TRUE,TRUE,22.871944,-77.89595,658.2845,TRUE,TRUE,12.275986,TRUE,TRUE
2894471987,2944869187,0.5916573,0.44380462,48.395046,166.0342,60.43143,TRUE,TRUE,3.0941315,TRUE,TRUE,-38.83528,-70.59358,656.21954,TRUE,TRUE,12.174194,TRUE,TRUE,0.6073555,0.47306758,56.68371,157.86725,57.458946,TRUE,TRUE,3.438919,TRUE,TRUE,22.869484,-77.81223,658.28503,TRUE,TRUE,12.050217,TRUE,TRUE
2894480320,2944877520,0.59342265,0.4381186,49.32715,167.6211,61.00905,TRUE,TRUE,3.1009216,TRUE,TRUE,-38.86127,-70.54097,656.2185,TRUE,TRUE,11.985535,TRUE,TRUE,0.6074425,0.4641354,56.729645,160.36014,58.366215,TRUE,TRUE,3.436493,TRUE,TRUE,22.860123,-77.75796,658.2125,TRUE,TRUE,12.949448,TRUE,TRUE
2894488653,2944885853,0.5911952,0.44111377,48.15107,166.78522,60.704746,TRUE,TRUE,3.1041412,TRUE,TRUE,-38.886658,-70.49863,656.1178,TRUE,TRUE,12.367722,TRUE,TRUE,0.60356456,0.46763173,54.68209,159.38434,58.01104,TRUE,TRUE,3.4388885,TRUE,TRUE,22.834244,-77.718094,658.0676,TRUE,TRUE,12.559784,TRUE,TRUE
2894496987,2944894187,0.5913664,0.44290793,48.241455,166.28445,60.52255,TRUE,TRUE,3.1007538,TRUE,TRUE,-38.925205,-70.4892,656.11414,TRUE,TRUE,12.753723,TRUE,TRUE,0.60742617,0.46752393,56.721024,159.41443,58.022034,TRUE,TRUE,3.4356232,TRUE,TRUE,22.806427,-77.71074,658.02246,TRUE,TRUE,13.049011,TRUE,TRUE
2894505320,2944902521,0.5921403,0.4424603,48.6501,166.40936,60.568085,TRUE,TRUE,3.095169,TRUE,TRUE,-38.966087,-70.48861,655.9388,TRUE,TRUE,12.852188,TRUE,TRUE,0.60791665,0.46469092,56.979992,160.20508,58.309784,TRUE,TRUE,3.4293365,TRUE,TRUE,22.76688,-77.735214,657.90045,TRUE,TRUE,12.935883,TRUE,TRUE
2894513653,2944910854,0.5924851,0.43867218,48.83213,167.46663,60.952797,TRUE,TRUE,3.0888214,TRUE,TRUE,-39.00443,-70.51967,655.8369,TRUE,TRUE,12.262772,TRUE,TRUE,0.60792065,0.47043872,56.982098,158.60095,57.725937,TRUE,TRUE,3.4312592,TRUE,TRUE,22.741173,-77.779816,657.9022,TRUE,TRUE,12.915009,TRUE,TRUE
2894521987,2944919188,0.59037894,0.44267124,47.720078,166.35056,60.54654,TRUE,TRUE,3.090805,TRUE,TRUE,-39.04545,-70.58107,655.783,TRUE,TRUE,12.193863,TRUE,TRUE,0.607062,0.46721968,56.528755,159.49933,58.052925,TRUE,TRUE,3.4308777,TRUE,TRUE,22.699669,-77.849686,657.75775,TRUE,TRUE,12.790802,TRUE,TRUE
2894530320,2944927521,0.59429336,0.44104642,49.786884,166.804,60.71163,TRUE,TRUE,3.091446,TRUE,TRUE,-39.099556,-70.653595,655.7308,TRUE,TRUE,12.534012,TRUE,TRUE,0.60557014,0.46926063,55.74105,158.92973,57.845596,TRUE,TRUE,3.4234161,TRUE,TRUE,22.657875,-77.93065,657.63776,TRUE,TRUE,12.530014,TRUE,TRUE
2894538653,2944935854,0.59301233,0.43968183,49.110508,167.18484,60.850227,TRUE,TRUE,3.0863037,TRUE,TRUE,-39.135292,-70.73594,655.6041,TRUE,TRUE,12.584656,TRUE,TRUE,0.60625756,0.47432837,56.10402,157.5154,57.330803,TRUE,TRUE,3.4151459,TRUE,TRUE,22.62296,-78.03362,657.56805,TRUE,TRUE,12.256226,TRUE,TRUE
2894546987,2944944188,0.5947937,0.4360255,50.051094,168.20526,61.22165,TRUE,TRUE,3.0779114,TRUE,TRUE,-39.168495,-70.83543,655.5034,TRUE,TRUE,12.53511,TRUE,TRUE,0.6057968,0.4702285,55.860718,158.6596,57.74729,TRUE,TRUE,3.4132996,TRUE,TRUE,22.59519,-78.1561,657.54456,TRUE,TRUE,11.946548,TRUE,TRUE
2894555320,2944952521,0.5951716,0.44060338,50.25058,166.92767,60.7566,TRUE,TRUE,3.0799408,TRUE,TRUE,-39.206886,-70.9547,655.4255,TRUE,TRUE,12.253876,TRUE,TRUE,0.6078789,0.46452805,56.960087,160.25055,58.326347,TRUE,TRUE,3.4033356,TRUE,TRUE,22.553825,-78.29114,657.37646,TRUE,TRUE,12.752121,TRUE,TRUE
2894563653,2944960854,0.5970179,0.4396605,51.22547,167.19083,60.85235,TRUE,TRUE,3.079895,TRUE,TRUE,-39.242985,-71.0873,655.39856,TRUE,TRUE,12.66185,TRUE,TRUE,0.6082481,0.47050416,57.155006,158.5827,57.719265,TRUE,TRUE,3.3954315,TRUE,TRUE,22.524746,-78.4351,657.25525,TRUE,TRUE,12.840683,TRUE,TRUE
2894571987,2944969188,0.5955936,0.43436012,50.473396,168.67007,61.390816,TRUE,TRUE,3.0736084,TRUE,TRUE,-39.265785,-71.21886,655.298,TRUE,TRUE,12.574905,TRUE,TRUE,0.6076401,0.46695065,56.833965,159.57443,58.08022,TRUE,TRUE,3.389801,TRUE,TRUE,22.49759,-78.594406,657.1846,TRUE,TRUE,12.802841,TRUE,TRUE
2894580320,2944977521,0.59362876,0.44246417,49.435963,166.40831,60.567642,TRUE,TRUE,3.0639954,TRUE,TRUE,-39.278244,-71.35383,655.15076,TRUE,TRUE,12.327209,TRUE,TRUE,0.60748583,0.46675372,56.752556,159.6294,58.10025,TRUE,TRUE,3.382965,TRUE,TRUE,22.47835,-78.75283,657.1118,TRUE,TRUE,12.955673,TRUE,TRUE
2894588653,2944985854,0.59488463,0.43562672,50.09906,168.31659,61.262115,TRUE,TRUE,3.0539246,TRUE,TRUE,-39.291153,-71.49561,655.0766,TRUE,TRUE,12.466431,TRUE,TRUE,0.60686284,0.46261632,56.423588,160.78409,58.52055,TRUE,TRUE,3.3821259,TRUE,TRUE,22.470882,-78.92886,657.0879,TRUE,TRUE,12.9084015,TRUE,TRUE
2894596987,2944994188,0.5950663,0.43372422,50.195023,168.84753,61.4554,TRUE,TRUE,3.0473328,TRUE,TRUE,-39.290924,-71.63054,654.93024,TRUE,TRUE,12.840118,TRUE,TRUE,0.6056566,0.46903655,55.78672,158.99228,57.868366,TRUE,TRUE,3.3724518,TRUE,TRUE,22.46887,-79.09146,657.0621,TRUE,TRUE,12.268936,TRUE,TRUE
2894605320,2945002521,0.5927961,0.43536812,48.99633,168.38873,61.288403,TRUE,TRUE,3.0455627,TRUE,TRUE,-39.28808,-71.7665,654.8557,TRUE,TRUE,12.642792,TRUE,TRUE,0.60433406,0.46639016,55.08839,159.73083,58.137215,TRUE,TRUE,3.3769073,TRUE,TRUE,22.47017,-79.243866,656.9905,TRUE,TRUE,12.864868,TRUE,TRUE
2894613653,2945010854,0.5938704,0.43642735,49.563595,168.09314,61.1808,TRUE,TRUE,3.0354462,TRUE,TRUE,-39.27774,-71.8945,654.761,TRUE,TRUE,12.11908,TRUE,TRUE,0.6046863,0.47059578,55.27439,158.55713,57.709988,TRUE,TRUE,3.3679962,TRUE,TRUE,22.476437,-79.40043,656.91516,TRUE,TRUE,12.730255,TRUE,TRUE
2894621987,2945019188,0.5936314,0.43651354,49.43737,168.06909,61.17207,TRUE,TRUE,3.0296173,TRUE,TRUE,-39.267418,-72.02136,654.73865,TRUE,TRUE,12.605713,TRUE,TRUE,0.60594213,0.4697767,55.93741,158.78574,57.79315,TRUE,TRUE,3.3641357,TRUE,TRUE,22.488491,-79.542694,656.81726,TRUE,TRUE,12.7126465,TRUE,TRUE
2894630320,2945027521,0.59373474,0.4369732,49.491955,167.9408,61.125362,TRUE,TRUE,3.034546,TRUE,TRUE,-39.236755,-72.13119,654.6453,TRUE,TRUE,12.828613,TRUE,TRUE,0.60600597,0.47022963,55.97116,158.65927,57.747215,TRUE,TRUE,3.354538,TRUE,TRUE,22.50939,-79.68935,656.792,TRUE,TRUE,12.983505,TRUE,TRUE
2894638653,2945035854,0.5930086,0.43475565,49.10854,168.5597,61.350616,TRUE,TRUE,3.0188446,TRUE,TRUE,-39.198013,-72.21834,654.5762,TRUE,TRUE,12.498566,TRUE,TRUE,0.60849273,0.46901655,57.284157,158.99786,57.870384,TRUE,TRUE,3.3469238,TRUE,TRUE,22.539902,-79.82315,656.8149,TRUE,TRUE,12.73584,TRUE,TRUE
2894646987,2945044189,0.59299445,0.43454272,49.101074,168.61911,61.37223,TRUE,TRUE,3.0207214,TRUE,TRUE,-39.157047,-72.29024,654.4352,TRUE,TRUE,12.52478,TRUE,TRUE,0.60517,0.46520114,55.529797,160.0627,58.257946,TRUE,TRUE,3.3391418,TRUE,TRUE,22.583542,-79.945114,656.8363,TRUE,TRUE,12.790878,TRUE,TRUE
2894655320,2945052522,0.5947203,0.43499905,50.012314,168.49176,61.32587,TRUE,TRUE,3.016922,TRUE,TRUE,-39.12105,-72.34376,654.3899,TRUE,TRUE,12.719025,TRUE,TRUE,0.6066004,0.46372765,56.285057,160.47394,58.407646,TRUE,TRUE,3.3400116,TRUE,TRUE,22.617052,-80.06319,656.8085,TRUE,TRUE,12.370132,TRUE,TRUE
2894663653,2945060855,0.59237206,0.43297562,48.77247,169.05646,61.531425,TRUE,TRUE,3.0143127,TRUE,TRUE,-39.070015,-72.39131,654.468,TRUE,TRUE,12.206528,TRUE,TRUE,0.60652006,0.4621951,56.242577,160.90166,58.563316,TRUE,TRUE,3.3303833,TRUE,TRUE,22.67091,-80.14016,656.83044,TRUE,TRUE,12.498779,TRUE,TRUE
2894671987,2945069189,0.5936678,0.43758753,49.456627,167.76932,61.062992,TRUE,TRUE,3.007965,TRUE,TRUE,-39.026394,-72.404884,654.49854,TRUE,TRUE,13.000626,TRUE,TRUE,0.6068915,0.468818,56.438736,159.05324,57.89062,TRUE,TRUE,3.3341217,TRUE,TRUE,22.73264,-80.21806,656.99615,TRUE,TRUE,12.009918,TRUE,TRUE
2894680320,2945077522,0.59323853,0.44742367,49.229973,165.02419,60.063812,TRUE,TRUE,3.0029602,TRUE,TRUE,-38.97268,-72.405975,654.57745,TRUE,TRUE,11.840332,TRUE,TRUE,0.61013186,0.4730917,58.14965,157.86053,57.456436,TRUE,TRUE,3.3330078,TRUE,TRUE,22.77901,-80.24462,656.9945,TRUE,TRUE,12.193832,TRUE,TRUE
2894688653,2945085855,0.6016228,0.43741512,53.656834,167.81744,61.080467,TRUE,TRUE,3.0206604,TRUE,TRUE,-38.893154,-72.35889,654.3186,TRUE,TRUE,10.634903,TRUE,TRUE,NA,NA,NA,NA,NA,FALSE,TRUE,NA,FALSE,TRUE,NA,NA,NA,FALSE,TRUE,11.455688,TRUE,TRUE
2894696987,2945094189,NA,NA,NA,NA,NA,FALSE,TRUE,NA,FALSE,TRUE,NA,NA,NA,FALSE,TRUE,8.480682,TRUE,TRUE,NA,NA,NA,NA,NA,FALSE,TRUE,NA,FALSE,TRUE,NA,NA,NA,FALSE,TRUE,9.033981,TRUE,TRUE
2894705320,2945102522,NA,NA,NA,NA,NA,FALSE,TRUE,NA,FALSE,TRUE,NA,NA,NA,FALSE,TRUE,6.955124,TRUE,TRUE,NA,NA,NA,NA,NA,FALSE,TRUE,NA,FALSE,TRUE,NA,NA,NA,FALSE,TRUE,7.32164,TRUE,TRUE
2894713653,2945110855,NA,NA,NA,NA,NA,FALSE,TRUE,NA,FALSE,TRUE,NA,NA,NA,FALSE,TRUE,5.146469,TRUE,TRUE,NA,NA,NA,NA,NA,FALSE,TRUE,NA,FALSE,TRUE,NA,NA,NA,FALSE,TRUE,4.891266,TRUE,TRUE
2894721987,2945119189,NA,NA,NA,NA,NA,FALSE,TRUE,NA,FALSE,TRUE,NA,NA,NA,FALSE,TRUE,3.2601318,TRUE,TRUE,NA,NA,NA,NA,NA,FALSE,TRUE,NA,FALSE,TRUE,NA,NA,NA,FALSE,TRUE,2.1945496,TRUE,TRUE
2894730320,2945127522,NA,NA,NA,NA,NA,FALSE,TRUE,NA,FALSE,TRUE,NA,NA,NA,FALSE,TRUE,2.9157715,TRUE,TRUE,NA,NA,NA,NA,NA,FALSE,TRUE,NA,FALSE,TRUE,NA,NA,NA,FALSE,TRUE,2.1075134,TRUE,TRUE
2894738653,2945135855,NA,NA,NA,NA,NA,FALSE,TRUE,NA,FALSE,TRUE,NA,NA,NA,FALSE,TRUE,3.076645,TRUE,TRUE,NA,NA,NA,NA,NA,FALSE,TRUE,NA,FALSE,TRUE,NA,NA,NA,FALSE,TRUE,2.0211792,TRUE,TRUE
2894746987,2945144189,NA,NA,NA,NA,NA,FALSE,TRUE,NA,FALSE,TRUE,NA,NA,NA,FALSE,TRUE,2.4489594,TRUE,TRUE,NA,NA,NA,NA,NA,FALSE,TRUE,NA,FALSE,TRUE,NA,NA,NA,FALSE,TRUE,1.8158569,TRUE,TRUE
2894755320,2945152522,NA,NA,NA,NA,NA,FALSE,TRUE,NA,FALSE,TRUE,NA,NA,NA,FALSE,TRUE,2.008957,TRUE,TRUE,NA,NA,NA,NA,NA,FALSE,TRUE,NA,FALSE,TRUE,NA,NA,NA,FALSE,TRUE,1.4013519,TRUE,TRUE
2894763653,2945160855,NA,NA,NA,NA,NA,FALSE,TRUE,NA,FALSE,TRUE,NA,NA,NA,FALSE,TRUE,2.2572937,TRUE,TRUE,NA,NA,NA,NA,NA,FALSE,TRUE,NA,FALSE,TRUE,NA,NA,NA,FALSE,TRUE,0.66897583,TRUE,TRUE
2894771987,2945169189,NA,NA,NA,NA,NA,FALSE,TRUE,NA,FALSE,TRUE,NA,NA,NA,FALSE,TRUE,1.4449463,TRUE,TRUE,NA,NA,NA,NA,NA,FALSE,TRUE,NA,FALSE,TRUE,NA,NA,NA,FALSE,TRUE,0.9005585,TRUE,TRUE
2894780320,2945177523,NA,NA,NA,NA,NA,FALSE,TRUE,NA,FALSE,TRUE,NA,NA,NA,FALSE,TRUE,1.8441925,TRUE,TRUE,NA,NA,NA,NA,NA,FALSE,TRUE,NA,FALSE,TRUE,NA,NA,NA,FALSE,TRUE,1.521698,TRUE,TRUE
2894788653,2945185856,NA,NA,NA,NA,NA,FALSE,TRUE,NA,FALSE,TRUE,NA,NA,NA,FALSE,TRUE,3.3940582,TRUE,TRUE,NA,NA,NA,NA,NA,FALSE,TRUE,NA,FALSE,TRUE,NA,NA,NA,FALSE,TRUE,2.1326752,TRUE,TRUE
2894796987,2945194190,NA,NA,NA,NA,NA,FALSE,TRUE,NA,FALSE,TRUE,NA,NA,NA,FALSE,TRUE,3.5619507,TRUE,TRUE,NA,NA,NA,NA,NA,FALSE,TRUE,NA,FALSE,TRUE,NA,NA,NA,FALSE,TRUE,3.823578,TRUE,TRUE
2894805320,2945202523,NA,NA,NA,NA,NA,FALSE,TRUE,NA,FALSE,TRUE,NA,NA,NA,FALSE,TRUE,4.8983307,TRUE,TRUE,NA,NA,NA,NA,NA,FALSE,TRUE,NA,FALSE,TRUE,NA,NA,NA,FALSE,TRUE,5.343277,TRUE,TRUE
2894813653,2945210856,NA,NA,NA,NA,NA,FALSE,TRUE,NA,FALSE,TRUE,NA,NA,NA,FALSE,TRUE,5.2660065,TRUE,TRUE,NA,NA,NA,NA,NA,FALSE,TRUE,NA,FALSE,TRUE,NA,NA,NA,FALSE,TRUE,5.016266,TRUE,TRUE
2894821987,2945219190,NA,NA,NA,NA,NA,FALSE,TRUE,NA,FALSE,TRUE,NA,NA,NA,FALSE,TRUE,6.877548,TRUE,TRUE,NA,NA,NA,NA,NA,FALSE,TRUE,NA,FALSE,TRUE,NA,NA,NA,FALSE,TRUE,7.099365,TRUE,TRUE
2894830320,2945227523,NA,NA,NA,NA,NA,FALSE,TRUE,NA,FALSE,TRUE,NA,NA,NA,FALSE,TRUE,6.281616,TRUE,TRUE,NA,NA,NA,NA,NA,FALSE,TRUE,NA,FALSE,TRUE,NA,NA,NA,FALSE,TRUE,7.3740997,TRUE,TRUE
2894838653,2945235856,NA,NA,NA,NA,NA,FALSE,TRUE,NA,FALSE,TRUE,NA,NA,NA,FALSE,TRUE,9.050598,TRUE,TRUE,NA,NA,NA,NA,NA,FALSE,TRUE,NA,FALSE,TRUE,NA,NA,NA,FALSE,TRUE,8.197739,TRUE,TRUE
2894846987,2945244190,0.5116683,0.56296515,6.1608877,132.77786,48.327133,TRUE,TRUE,2.6335144,TRUE,TRUE,-38.15271,-71.9788,653.7825,TRUE,TRUE,9.0429535,TRUE,TRUE,NA,NA,NA,NA,NA,FALSE,TRUE,NA,FALSE,TRUE,NA,NA,NA,FALSE,TRUE,9.511093,TRUE,TRUE
2894855320,2945252523,0.5804982,0.5420509,42.50307,138.61479,50.45158,TRUE,TRUE,2.975174,TRUE,TRUE,-38.135292,-71.99164,654.012,TRUE,TRUE,10.017563,TRUE,TRUE,NA,NA,NA,NA,NA,FALSE,TRUE,NA,FALSE,TRUE,NA,NA,NA,FALSE,TRUE,9.661728,TRUE,TRUE
2894863653,2945260856,0.5752957,0.5517114,39.756134,135.91869,49.470284,TRUE,TRUE,2.9499664,TRUE,TRUE,-38.10129,-71.9881,653.8917,TRUE,TRUE,10.309708,TRUE,TRUE,NA,NA,NA,NA,NA,FALSE,TRUE,NA,FALSE,TRUE,NA,NA,NA,FALSE,TRUE,10.605026,TRUE,TRUE
2894871987,2945269190,0.5740459,0.54900247,39.09622,136.67473,49.74543,TRUE,TRUE,2.9485931,TRUE,TRUE,-38.06543,-72.00387,653.7999,TRUE,TRUE,10.7425995,TRUE,TRUE,NA,NA,NA,NA,NA,FALSE,TRUE,NA,FALSE,TRUE,NA,NA,NA,FALSE,TRUE,10.457092,TRUE,TRUE
2894880320,2945277523,0.5765693,0.54575366,40.428574,137.58145,50.07544,TRUE,TRUE,2.9468536,TRUE,TRUE,-38.037228,-72.03421,653.84924,TRUE,TRUE,11.060394,TRUE,TRUE,0.59766805,0.59258425,51.568764,124.51152,45.318398,TRUE,TRUE,3.2321777,TRUE,TRUE,23.507717,-80.63004,656.87646,TRUE,TRUE,10.044907,TRUE,TRUE
2894888653,2945285856,0.5776014,0.56048894,40.97355,133.46898,48.578636,TRUE,TRUE,2.9455109,TRUE,TRUE,-37.99894,-72.039055,653.78284,TRUE,TRUE,10.932724,TRUE,TRUE,0.5960937,0.5821299,50.737495,127.429245,46.38037,TRUE,TRUE,3.2388458,TRUE,TRUE,23.549513,-80.65662,656.87476,TRUE,TRUE,10.783279,TRUE,TRUE
2894896987,2945294190,0.574795,0.5621616,39.491783,133.00214,48.408737,TRUE,TRUE,2.952942,TRUE,TRUE,-37.950413,-72.051506,653.7169,TRUE,TRUE,11.28862,TRUE,TRUE,0.5920759,0.5775736,48.616055,128.70085,46.843216,TRUE,TRUE,3.2388458,TRUE,TRUE,23.58677,-80.67393,656.6559,TRUE,TRUE,10.976791,TRUE,TRUE
2894905320,2945302523,0.5798221,0.535696,42.146103,140.38838,51.097153,TRUE,TRUE,2.9609528,TRUE,TRUE,-37.930027,-72.13519,653.8068,TRUE,TRUE,11.4861145,TRUE,TRUE,0.5945877,0.5735709,49.942303,129.81796,47.249756,TRUE,TRUE,3.2480469,TRUE,TRUE,23.621052,-80.71652,656.74994,TRUE,TRUE,10.946762,TRUE,TRUE
2894913653,2945310856,0.574809,0.54577434,39.49916,137.57565,50.07337,TRUE,TRUE,2.9448242,TRUE,TRUE,-37.863625,-72.13298,653.4809,TRUE,TRUE,11.5412445,TRUE,TRUE,0.59720886,0.5780677,51.32627,128.56293,46.793026,TRUE,TRUE,3.2243042,TRUE,TRUE,23.666504,-80.74783,656.79553,TRUE,TRUE,11.270538,TRUE,TRUE
2894921987,2945319191,0.5751134,0.56112653,39.659893,133.29103,48.51391,TRUE,TRUE,2.953476,TRUE,TRUE,-37.8226,-72.14882,653.43945,TRUE,TRUE,11.4314575,TRUE,TRUE,0.5930565,0.5719989,49.133858,130.25667,47.40947,TRUE,TRUE,3.252945,TRUE,TRUE,23.713058,-80.79797,656.79297,TRUE,TRUE,11.717606,TRUE,TRUE
2894930320,2945327524,0.5805601,0.55861247,42.53574,133.99266,48.76929,TRUE,TRUE,2.948166,TRUE,TRUE,-37.792217,-72.18593,653.29456,TRUE,TRUE,11.763123,TRUE,TRUE,0.594095,0.5743252,49.682175,129.60739,47.17325,TRUE,TRUE,3.2391052,TRUE,TRUE,23.749462,-80.83267,656.76526,TRUE,TRUE,11.435516,TRUE,TRUE
2894938653,2945335857,0.57884693,0.54893327,41.63119,136.69403,49.752453,TRUE,TRUE,2.9488525,TRUE,TRUE,-37.756447,-72.27279,653.5662,TRUE,TRUE,11.23877,TRUE,TRUE,0.594964,0.57832426,50.140987,128.4913,46.76698,TRUE,TRUE,3.242813,TRUE,TRUE,23.793016,-80.87881,656.789,TRUE,TRUE,11.635529,TRUE,TRUE
2894946987,2945344191,0.5766157,0.550665,40.4531,136.21072,49.57652,TRUE,TRUE,2.9499207,TRUE,TRUE,-37.710224,-72.30168,653.4259,TRUE,TRUE,11.352661,TRUE,TRUE,0.59082186,0.57059586,47.95394,130.64822,47.552032,TRUE,TRUE,3.2416534,TRUE,TRUE,23.839804,-80.92404,656.7863,TRUE,TRUE,11.801468,TRUE,TRUE
2894955320,2945352524,0.5784592,0.5503241,41.426468,136.30585,49.611217,TRUE,TRUE,2.9527893,TRUE,TRUE,-37.677116,-72.36529,653.5001,TRUE,TRUE,12.316528,TRUE,TRUE,0.59074736,0.5763652,47.91461,129.03809,46.965958,TRUE,TRUE,3.24263,TRUE,TRUE,23.873207,-80.97069,656.7839,TRUE,TRUE,11.779053,TRUE,TRUE
2894963653,2945360857,0.5789625,0.55235326,41.69221,135.73953,49.405045,TRUE,TRUE,2.944275,TRUE,TRUE,-37.641335,-72.40297,653.45654,TRUE,TRUE,12.545715,TRUE,TRUE,0.59370416,0.5720445,49.475815,130.24396,47.40484,TRUE,TRUE,3.2319489,TRUE,TRUE,23.904947,-81.010025,656.7085,TRUE,TRUE,11.676804,TRUE,TRUE
2894971987,2945369191,0.5797526,0.5531241,42.109398,135.52440000000001,49.326786,TRUE,TRUE,2.9598083,TRUE,TRUE,-37.608078,-72.45158,653.4347,TRUE,TRUE,12.426392,TRUE,TRUE,0.5948076,0.57780874,50.058453,128.6352,46.81939,TRUE,TRUE,3.2446442,TRUE,TRUE,23.941866,-81.06919,656.8037,TRUE,TRUE,11.727478,TRUE,TRUE
2894980320,2945377524,0.5788852,0.55435354,41.651398,135.18129,49.20188,TRUE,TRUE,2.9601135,TRUE,TRUE,-37.572247,-72.496025,653.3641,TRUE,TRUE,12.480301,TRUE,TRUE,0.5901746,0.5732802,47.61223,129.89908,47.279354,TRUE,TRUE,3.2460022,TRUE,TRUE,23.97903,-81.10878,656.7517,TRUE,TRUE,11.463547,TRUE,TRUE
2894988653,2945385857,0.5816044,0.55406713,43.08715,135.26122,49.231007,TRUE,TRUE,2.9591522,TRUE,TRUE,-37.551987,-72.54407,653.3673,TRUE,TRUE,12.273712,TRUE,TRUE,0.5924959,0.5762739,48.837868,129.06358,46.975224,TRUE,TRUE,3.2398834,TRUE,TRUE,24.007236,-81.14978,656.7772,TRUE,TRUE,11.962997,TRUE,TRUE
2894996987,2945394191,0.5801045,0.55016315,42.295162,136.35077,49.627552,TRUE,TRUE,2.966858,TRUE,TRUE,-37.521206,-72.60167,653.4205,TRUE,TRUE,11.797241,TRUE,TRUE,0.5944705,0.5706451,49.88043,130.63449,47.547005,TRUE,TRUE,3.2394257,TRUE,TRUE,24.03261,-81.20092,656.7749,TRUE,TRUE,11.982697,TRUE,TRUE
2895005320,2945402524,0.58136415,0.5510711,42.960266,136.09737,49.535336,TRUE,TRUE,2.95813,TRUE,TRUE,-37.49579,-72.6573,653.37415,TRUE,TRUE,11.944656,TRUE,TRUE,0.59179765,0.57488316,48.469185,129.45169,47.11657,TRUE,TRUE,3.2467957,TRUE,TRUE,24.065641,-81.257614,656.8207,TRUE,TRUE,12.459702,TRUE,TRUE
2895013653,2945410857,0.58033574,0.55239165,42.417263,135.72882,49.401184,TRUE,TRUE,2.9644775,TRUE,TRUE,-37.464962,-72.7001,653.3532,TRUE,TRUE,12.233124,TRUE,TRUE,0.59072185,0.58007747,47.90116,128.00204,46.588844,TRUE,TRUE,3.2534332,TRUE,TRUE,24.098946,-81.29758,656.81683,TRUE,TRUE,12.388947,TRUE,TRUE
2895021987,2945419191,0.5818967,0.55355704,43.241505,135.40358,49.282806,TRUE,TRUE,2.965561,TRUE,TRUE,-37.43184,-72.73715,653.2351,TRUE,TRUE,12.38884,TRUE,TRUE,0.5910235,0.57365584,48.060432,129.79422,47.241158,TRUE,TRUE,3.249771,TRUE,TRUE,24.127384,-81.33786,656.81604,TRUE,TRUE,11.640671,TRUE,TRUE
2895030320,2945427524,0.5781666,0.55339533,41.271965,135.44873,49.299206,TRUE,TRUE,2.9649200000000002,TRUE,TRUE,-37.40355,-72.78582,653.2627,TRUE,TRUE,11.721863,TRUE,TRUE,0.5900202,0.5732797,47.53064,129.8992,47.279373,TRUE,TRUE,3.2481537,TRUE,TRUE,24.157698,-81.37651,656.86145,TRUE,TRUE,11.412582,TRUE,TRUE
2895038653,2945435857,0.5803795,0.55106306,42.440376,136.09962,49.536125,TRUE,TRUE,2.9632263,TRUE,TRUE,-37.375664,-72.808754,653.1937,TRUE,TRUE,12.565796,TRUE,TRUE,0.5922347,0.5767676,48.699898,128.9258,46.925034,TRUE,TRUE,3.2517853,TRUE,TRUE,24.178806,-81.39743,656.81226,TRUE,TRUE,11.696854,TRUE,TRUE
2895046987,2945444191,0.5794093,0.55319613,41.92811,135.50429,49.319473,TRUE,TRUE,2.9801025,TRUE,TRUE,-37.349976,-72.82875,653.22046,TRUE,TRUE,12.263199,TRUE,TRUE,0.5915438,0.57717776,48.33516,128.8113,46.883453,TRUE,TRUE,3.2458344,TRUE,TRUE,24.207706,-81.40528,656.7868,TRUE,TRUE,12.417328,TRUE,TRUE
2895055320,2945452524,0.5778398,0.55663425,41.09941,134.54475,48.970264,TRUE,TRUE,2.981659,TRUE,TRUE,-37.32419,-72.84848,653.27075,TRUE,TRUE,12.864822,TRUE,TRUE,0.59181404,0.5764457,48.47783,129.01564,46.957764,TRUE,TRUE,3.2546997,TRUE,TRUE,24.236,-81.41557,656.7854,TRUE,TRUE,12.074005,TRUE,TRUE
2895063653,2945460858,0.5789227,0.5572307,41.671173,134.3783,48.909645,TRUE,TRUE,2.9839325,TRUE,TRUE,-37.2987,-72.84758,653.2259,TRUE,TRUE,12.885193,TRUE,TRUE,0.589015,0.5742256,46.99994,129.63521,47.183327,TRUE,TRUE,3.2617798,TRUE,TRUE,24.271202,-81.42363,656.85596,TRUE,TRUE,12.07373,TRUE,TRUE
2895071987,2945469192,0.5802362,0.55844116,42.36474,134.04047,48.786686,TRUE,TRUE,2.9853363,TRUE,TRUE,-37.275913,-72.85008,653.1797,TRUE,TRUE,12.44339,TRUE,TRUE,0.58940655,0.5804044,47.206665,127.91078,46.55569,TRUE,TRUE,3.262558,TRUE,TRUE,24.294777,-81.409424,656.8299,TRUE,TRUE,13.009796,TRUE,TRUE
2895080320,2945477525,0.57971597,0.55334634,42.09004,135.46239,49.304245,TRUE,TRUE,2.9982452,TRUE,TRUE,-37.25266,-72.844955,653.2522,TRUE,TRUE,12.191879,TRUE,TRUE,0.5928941,0.5800035,49.04808,128.0227,46.596344,TRUE,TRUE,3.2608948,TRUE,TRUE,24.320293,-81.398575,656.8283,TRUE,TRUE,11.811142,TRUE,TRUE
2895088653,2945485858,0.5791664,0.55807716,41.799866,134.14206,48.823666,TRUE,TRUE,2.9933014,TRUE,TRUE,-37.216946,-72.8305,653.23425,TRUE,TRUE,12.306549,TRUE,TRUE,0.59326345,0.5779179,49.24311,128.60477,46.80819,TRUE,TRUE,3.2675018,TRUE,TRUE,24.34553,-81.39177,656.85095,TRUE,TRUE,13.111099,TRUE,TRUE
2895096987,2945494192,0.5776314,0.5522715,40.989403,135.76236,49.413387,TRUE,TRUE,2.993454,TRUE,TRUE,-37.19371,-72.82262,653.3091,TRUE,TRUE,12.228195,TRUE,TRUE,0.5903014,0.5771899,47.679146,128.80792,46.88218,TRUE,TRUE,3.2757263,TRUE,TRUE,24.376143,-81.37544,656.89844,TRUE,TRUE,12.687347,TRUE,TRUE
2895105320,2945502525,0.57766205,0.55514085,41.005585,134.96155,49.12191,TRUE,TRUE,3.0175018,TRUE,TRUE,-37.168034,-72.82316,653.35864,TRUE,TRUE,12.648148,TRUE,TRUE,0.5910228,0.5763468,48.06003,129.04321,46.96782,TRUE,TRUE,3.2757568,TRUE,TRUE,24.405006,-81.354996,656.8478,TRUE,TRUE,11.95462,TRUE,TRUE
2895113653,2945510858,0.57817817,0.55723673,41.27808,134.37663,48.909016,TRUE,TRUE,3.019928,TRUE,TRUE,-37.13989,-72.802635,653.3126,TRUE,TRUE,12.895523,TRUE,TRUE,0.5885674,0.5777731,46.763596,128.64517,46.822918,TRUE,TRUE,3.2809448,TRUE,TRUE,24.430317,-81.34343,656.89435,TRUE,TRUE,12.008911,TRUE,TRUE
2895121987,2945519192,0.58021814,0.54609865,42.355164,137.48515,50.040367,TRUE,TRUE,3.0199432,TRUE,TRUE,-37.101685,-72.74678,653.3894,TRUE,TRUE,12.318741,TRUE,TRUE,0.59308684,0.5704385,49.149868,130.69217,47.567986,TRUE,TRUE,3.290619,TRUE,TRUE,24.452938,-81.28316,656.89417,TRUE,TRUE,12.8103485,TRUE,TRUE
2895130320,2945527525,0.58150685,0.47120202,43.03563,158.38792,57.648346,TRUE,TRUE,3.0257416,TRUE,TRUE,-37.01391,-72.66406,653.3992,TRUE,TRUE,12.227341,TRUE,TRUE,0.6035758,0.50685185,54.688076,148.43845,54.02713,TRUE,TRUE,3.3093414,TRUE,TRUE,24.462215,-81.18748,657.08765,TRUE,TRUE,11.734619,TRUE,TRUE
2895138653,2945535858,0.59324586,0.4224285,49.23384,172.00006,62.6028,TRUE,TRUE,3.04451,TRUE,TRUE,-36.930847,-72.58964,653.6001,TRUE,TRUE,12.577286,TRUE,TRUE,0.604981,0.45046645,55.429985,164.17496,59.75473,TRUE,TRUE,3.3181,TRUE,TRUE,24.461426,-81.08587,657.11206,TRUE,TRUE,12.396301,TRUE,TRUE
2895146987,2945544192,0.598642,0.40981156,52.08297,175.5213,63.88443,TRUE,TRUE,3.0398102,TRUE,TRUE,-36.88038,-72.55027,653.5586,TRUE,TRUE,12.918411,TRUE,TRUE,0.60427636,0.43766367,55.057922,167.74806,61.055252,TRUE,TRUE,3.323059,TRUE,TRUE,24.470726,-81.010315,657.01575,TRUE,TRUE,12.038498,TRUE,TRUE
2895155320,2945552525,0.5961786,0.42785066,50.78231,170.4868,62.05198,TRUE,TRUE,3.0288696,TRUE,TRUE,-36.87458,-72.548935,653.5569,TRUE,TRUE,13.278397,TRUE,TRUE,0.6021737,0.45880726,53.947685,161.84715,58.90748,TRUE,TRUE,3.3225403,TRUE,TRUE,24.508118,-81.022705,657.1097,TRUE,TRUE,12.573151,TRUE,TRUE
2895163653,2945560858,0.5937711,0.43426785,49.511173,168.69583,61.400185,TRUE,TRUE,3.0460663,TRUE,TRUE,-36.884636,-72.55881,653.53424,TRUE,TRUE,12.201706,TRUE,TRUE,0.6017608,0.45769086,53.72974,162.15872,59.020866,TRUE,TRUE,3.3200684,TRUE,TRUE,24.553175,-81.06462,657.20483,TRUE,TRUE,12.936401,TRUE,TRUE
2895171987,2945569192,0.59617096,0.43239328,50.7783,169.21896,61.590607,TRUE,TRUE,3.053833,TRUE,TRUE,-36.879772,-72.56797,653.4856,TRUE,TRUE,12.575897,TRUE,TRUE,0.6016137,0.4604118,53.65204,161.39934,58.744495,TRUE,TRUE,3.333908,TRUE,TRUE,24.579739,-81.0889,657.15454,TRUE,TRUE,11.659058,TRUE,TRUE
2895180320,2945577525,0.5946923,0.43182844,49.997543,169.37663,61.64798,TRUE,TRUE,3.057312,TRUE,TRUE,-36.859276,-72.564835,653.43787,TRUE,TRUE,12.3013,TRUE,TRUE,0.60126704,0.45809397,53.469,162.04623,58.979897,TRUE,TRUE,3.3304749,TRUE,TRUE,24.601015,-81.09926,657.1046,TRUE,TRUE,12.763107,TRUE,TRUE
2895188653,2945585858,0.5945618,0.42836905,49.92868,170.3421,61.999374,TRUE,TRUE,3.064087,TRUE,TRUE,-36.848938,-72.573166,653.56165,TRUE,TRUE,12.70491,TRUE,TRUE,0.6029545,0.46151745,54.359993,161.09076,58.63218,TRUE,TRUE,3.3448029,TRUE,TRUE,24.614386,-81.10687,657.05457,TRUE,TRUE,11.915558,TRUE,TRUE
2895196987,2945594192,0.5971572,0.43448034,51.299004,168.63654,61.378548,TRUE,TRUE,3.0694885,TRUE,TRUE,-36.841103,-72.58816,653.60986,TRUE,TRUE,12.989319,TRUE,TRUE,0.6054182,0.46164894,55.660816,161.05408,58.618782,TRUE,TRUE,3.3403473,TRUE,TRUE,24.632528,-81.124054,657.0296,TRUE,TRUE,12.081284,TRUE,TRUE
2895205320,2945602526,0.5950481,0.4285883,50.185444,170.28091,61.97708,TRUE,TRUE,3.0698395,TRUE,TRUE,-36.828360000000004,-72.601814,653.56,TRUE,TRUE,12.971909,TRUE,TRUE,0.6045556,0.46330586,55.205387,160.59161,58.45053,TRUE,TRUE,3.3512878,TRUE,TRUE,24.657705,-81.15569,657.07544,TRUE,TRUE,13.040573,TRUE,TRUE
2895213653,2945610859,0.5957388,0.43207788,50.55011,169.30702,61.622597,TRUE,TRUE,3.0721588,TRUE,TRUE,-36.81573,-72.617874,653.56433,TRUE,TRUE,13.008591,TRUE,TRUE,0.6036428,0.45962548,54.723434,161.6188,58.82435,TRUE,TRUE,3.3437042,TRUE,TRUE,24.678135,-81.18793,657.09973,TRUE,TRUE,12.781982,TRUE,TRUE
2895221987,2945619193,0.59373033,0.4261807,49.489616,170.95285,62.221718,TRUE,TRUE,3.0640564,TRUE,TRUE,-36.80288,-72.634605,653.5886,TRUE,TRUE,12.280441,TRUE,TRUE,0.60261357,0.46252286,54.179977,160.81017,58.53002,TRUE,TRUE,3.3480835,TRUE,TRUE,24.696346,-81.21463,657.0995,TRUE,TRUE,12.699478,TRUE,TRUE
2895230320,2945627526,0.59322256,0.42978042,49.221493,169.94821,61.856033,TRUE,TRUE,3.0633698,TRUE,TRUE,-36.790066,-72.65588,653.5673,TRUE,TRUE,12.310318,TRUE,TRUE,0.6030805,0.4598143,54.426502,161.56607,58.8052,TRUE,TRUE,3.3475799999999998,TRUE,TRUE,24.711746,-81.24922,657.09686,TRUE,TRUE,12.409485,TRUE,TRUE
2895238653,2945635859,0.5957261,0.4270413,50.543396,170.71265,62.13426,TRUE,TRUE,3.0687256,TRUE,TRUE,-36.777466,-72.67988,653.56854,TRUE,TRUE,12.667969,TRUE,TRUE,0.6044344,0.45811826,55.141357,162.03943,58.97747,TRUE,TRUE,3.3422546,TRUE,TRUE,24.720259,-81.290565,657.02203,TRUE,TRUE,12.688904,TRUE,TRUE
2895246987,2945644193,0.5922962,0.4297166,48.73239,169.966,61.86251,TRUE,TRUE,3.066864,TRUE,TRUE,-36.764427,-72.70725,653.54535,TRUE,TRUE,12.42308,TRUE,TRUE,0.6014992,0.45748648,53.591583,162.21576,59.04165,TRUE,TRUE,3.3406982,TRUE,TRUE,24.732914,-81.34546,657.0457,TRUE,TRUE,13.037094,TRUE,TRUE
2895255320,2945652526,0.5937984,0.43095952,49.525578,169.61914,61.73627,TRUE,TRUE,3.057785,TRUE,TRUE,-36.754265,-72.7308,653.5224,TRUE,TRUE,12.580963,TRUE,TRUE,0.60173416,0.45877215,53.715668,161.85695,58.911034,TRUE,TRUE,3.3392487,TRUE,TRUE,24.746223,-81.38966,657.0222,TRUE,TRUE,12.297028,TRUE,TRUE
2895263653,2945660859,0.5959263,0.42376804,50.649113,171.62619,62.46673,TRUE,TRUE,3.0526123,TRUE,TRUE,-36.746998,-72.76593,653.4746,TRUE,TRUE,12.200958,TRUE,TRUE,0.60355306,0.46093893,54.676025,161.25223,58.690926,TRUE,TRUE,3.3388367,TRUE,TRUE,24.760962,-81.43761,657.0686,TRUE,TRUE,12.93132,TRUE,TRUE
2895271987,2945669193,0.59564185,0.42610818,50.498894,170.97308,62.229034,TRUE,TRUE,3.0552826,TRUE,TRUE,-36.73406,-72.80773,653.49896,TRUE,TRUE,12.944077,TRUE,TRUE,0.6040631,0.45850378,54.945328,161.93182,58.938343,TRUE,TRUE,3.3422241,TRUE,TRUE,24.769434,-81.49006,657.0216,TRUE,TRUE,12.948364,TRUE,TRUE
2895280320,2945677526,0.5940226,0.42648214,49.64394,170.86874,62.19101,TRUE,TRUE,3.0478516,TRUE,TRUE,-36.726166,-72.83921,653.5487,TRUE,TRUE,12.779129,TRUE,TRUE,0.6022016,0.45723253,53.962456,162.28665,59.06739,TRUE,TRUE,3.3395844,TRUE,TRUE,24.788458,-81.54927,657.1666,TRUE,TRUE,12.343597,TRUE,TRUE
2895288653,2945685859,0.59791994,0.4283523,51.701725,170.3468,62.001022,TRUE,TRUE,3.0451355,TRUE,TRUE,-36.716244,-72.85632,653.45105,TRUE,TRUE,12.266632,TRUE,TRUE,0.6034843,0.458423,54.639732,161.95438,58.94654,TRUE,TRUE,3.3335114,TRUE,TRUE,24.80147,-81.587074,657.1398,TRUE,TRUE,13.022385,TRUE,TRUE
2895296987,2945694193,0.5944229,0.4274303,49.855316,170.60406,62.09479,TRUE,TRUE,3.0392456,TRUE,TRUE,-36.700695,-72.89454,653.5268,TRUE,TRUE,12.664871,TRUE,TRUE,0.60307944,0.46456844,54.425934,160.23929,58.322212,TRUE,TRUE,3.3378754,TRUE,TRUE,24.812033,-81.62622,657.1139,TRUE,TRUE,13.316818,TRUE,TRUE
2895305320,2945702526,0.59668976,0.4289679,51.052223,170.17497,61.93856,TRUE,TRUE,3.050064,TRUE,TRUE,-36.693172,-72.919044,653.50494,TRUE,TRUE,12.65947,TRUE,TRUE,0.60392976,0.45885316,54.8749,161.83434,58.902824,TRUE,TRUE,3.3251343,TRUE,TRUE,24.820942,-81.6768,657.21106,TRUE,TRUE,12.883759,TRUE,TRUE
2895313653,2945710859,0.5933346,0.4290975,49.280693,170.1388,61.925385,TRUE,TRUE,3.035141,TRUE,TRUE,-36.685333,-72.93447,653.5057,TRUE,TRUE,12.714615,TRUE,TRUE,0.6037789,0.45794266,54.795242,162.08844,58.995285,TRUE,TRUE,3.3319702,TRUE,TRUE,24.82872,-81.707886,657.21094,TRUE,TRUE,12.917328,TRUE,TRUE
2895321987,2945719193,0.59547114,0.42943737,50.408768,170.04396,61.890846,TRUE,TRUE,3.0322723,TRUE,TRUE,-36.67775,-72.94082,653.4813,TRUE,TRUE,12.31781,TRUE,TRUE,0.6035553,0.45495278,54.677193,162.92291,59.298973,TRUE,TRUE,3.3256836,TRUE,TRUE,24.816063,-81.71684,656.9939,TRUE,TRUE,13.473587,TRUE,TRUE
2895330320,2945727526,0.5966689,0.43012166,51.04117,169.853,61.8213,TRUE,TRUE,3.037445,TRUE,TRUE,-36.67505,-72.9491,653.52905,TRUE,TRUE,12.501358,TRUE,TRUE,0.60360587,0.46046746,54.703888,161.3838,58.73889,TRUE,TRUE,3.3289337,TRUE,TRUE,24.837435,-81.73486,657.13574,TRUE,TRUE,13.443359,TRUE,TRUE
2895338653,2945735860,0.59595686,0.43153912,50.665245,169.4574,61.677315,TRUE,TRUE,3.028717,TRUE,TRUE,-36.670227,-72.95311,653.45856,TRUE,TRUE,12.770477,TRUE,TRUE,0.6045675,0.46136546,55.211662,161.13318,58.647614,TRUE,TRUE,3.3223572,TRUE,TRUE,24.839619,-81.75136,657.161,TRUE,TRUE,12.814697,TRUE,TRUE
2895346987,2945744194,0.59637916,0.4290815,50.88819,170.14325,61.927032,TRUE,TRUE,3.021881,TRUE,TRUE,-36.670242,-72.95599,653.4592,TRUE,TRUE,12.533112,TRUE,TRUE,0.6022978,0.4602508,54.013237,161.4443,58.76081,TRUE,TRUE,3.328308,TRUE,TRUE,24.84482,-81.76099,657.1865,TRUE,TRUE,13.06041,TRUE,TRUE
2895355320,2945752527,0.5951998,0.43143135,50.26552,169.48746,61.68827,TRUE,TRUE,3.0234528,TRUE,TRUE,-36.667645,-72.9573,653.4093,TRUE,TRUE,12.580246,TRUE,TRUE,0.6041512,0.45842913,54.99185,161.9527,58.945877,TRUE,TRUE,3.30661,TRUE,TRUE,24.842022,-81.76489,657.1846,TRUE,TRUE,12.783981,TRUE,TRUE
2895363653,2945760860,0.5959528,0.43174738,50.663105,169.39925,61.656197,TRUE,TRUE,3.0168304,TRUE,TRUE,-36.67547,-72.959045,653.4105,TRUE,TRUE,12.924164,TRUE,TRUE,0.6020951,0.45912492,53.90622,161.75848,58.87525,TRUE,TRUE,3.3147583,TRUE,TRUE,24.841795,-81.765884,657.21063,TRUE,TRUE,12.973236,TRUE,TRUE
2895371987,2945769194,0.59374595,0.43088195,49.49784,169.64078,61.74413,TRUE,TRUE,2.9997406,TRUE,TRUE,-36.680443,-72.95529,653.3866,TRUE,TRUE,12.725723,TRUE,TRUE,0.6036961,0.46127135,54.75154,161.15945,58.65712,TRUE,TRUE,3.316269,TRUE,TRUE,24.822605,-81.75063,657.08936,TRUE,TRUE,12.103348,TRUE,TRUE
2895380320,2945777527,0.5974788,0.43170196,51.468826,169.41193,61.660812,TRUE,TRUE,3.007187,TRUE,TRUE,-36.69843,-72.96116,653.4064,TRUE,TRUE,12.295593,TRUE,TRUE,0.6053051,0.4613713,55.601097,161.13156,58.64702,TRUE,TRUE,3.3162842,TRUE,TRUE,24.814505,-81.74469,657.1143,TRUE,TRUE,13.285416,TRUE,TRUE
2895388653,2945785860,0.5966936,0.4332283,51.054214,168.98593,61.505775,TRUE,TRUE,3.0093384,TRUE,TRUE,-36.71121,-72.95989,653.3815,TRUE,TRUE,12.507645,TRUE,TRUE,0.60174876,0.4613508,53.723373,161.13728,58.64909,TRUE,TRUE,3.3121948,TRUE,TRUE,24.808659,-81.75194,657.18787,TRUE,TRUE,13.3517,TRUE,TRUE
2895396987,2945794194,0.59461933,0.4319377,49.95901,169.34615,61.63682,TRUE,TRUE,2.9965668,TRUE,TRUE,-36.723976,-72.96313,653.3798,TRUE,TRUE,12.916519,TRUE,TRUE,0.6017057,0.4621138,53.700592,160.92435,58.571598,TRUE,TRUE,3.3072357,TRUE,TRUE,24.79586,-81.745636,657.1629,TRUE,TRUE,12.685989,TRUE,TRUE
2895405320,2945802527,0.5951631,0.43200094,50.24613,169.32849,61.630455,TRUE,TRUE,3.0020294,TRUE,TRUE,-36.736877,-72.94936,653.282,TRUE,TRUE,12.319183,TRUE,TRUE,0.6013558,0.45829785,53.515884,161.98932,58.959206,TRUE,TRUE,3.3161774,TRUE,TRUE,24.775116,-81.73948,657.1898,TRUE,TRUE,12.725418,TRUE,TRUE
2895413653,2945810860,0.5949711,0.4318079,50.144745,169.38239,61.650036,TRUE,TRUE,3.001236,TRUE,TRUE,-36.75991,-72.95944,653.304,TRUE,TRUE,12.250046,TRUE,TRUE,0.60542464,0.46240485,55.664238,160.84311,58.542007,TRUE,TRUE,3.3058014,TRUE,TRUE,24.752354,-81.73213,657.1428,TRUE,TRUE,13.109802,TRUE,TRUE
2895421987,2945819194,0.59411263,0.43380678,49.691483,168.82451,61.44702,TRUE,TRUE,3.001175,TRUE,TRUE,-36.780525,-72.96218,653.2532,TRUE,TRUE,12.9414215,TRUE,TRUE,0.60451484,0.4591419,55.183838,161.75375,58.873493,TRUE,TRUE,3.3067627,TRUE,TRUE,24.733658,-81.74129,657.1925,TRUE,TRUE,12.668198,TRUE,TRUE
2895430320,2945827527,0.5949466,0.43522698,50.13184,168.42813,61.302742,TRUE,TRUE,3.0035095,TRUE,TRUE,-36.800827,-72.97503,653.22546,TRUE,TRUE,12.553421,TRUE,TRUE,0.6018163,0.46194822,53.759018,160.97055,58.58838,TRUE,TRUE,3.3044128,TRUE,TRUE,24.708714,-81.7468,657.14594,TRUE,TRUE,11.971252,TRUE,TRUE
2895438653,2945835860,0.59540236,0.4832819,50.372444,155.01657,56.421326,TRUE,TRUE,2.9898987,TRUE,TRUE,-36.779297,-73.07565,653.2291,TRUE,TRUE,12.820419,TRUE,TRUE,0.6040228,0.5052752,54.924057,148.87848,54.18724,TRUE,TRUE,3.3043976,TRUE,TRUE,24.661535,-81.83693,657.2208,TRUE,TRUE,12.868225,TRUE,TRUE
2895446987,2945844194,0.60162044,0.5971066,53.655594,123.249405,44.85903,TRUE,TRUE,2.993393,TRUE,TRUE,-36.708843,-73.22252,653.1892,TRUE,TRUE,12.693359,TRUE,TRUE,0.6119323,0.60356474,59.10025,121.446976,44.203056,TRUE,TRUE,3.317505,TRUE,TRUE,24.579556,-81.94092,656.95886,TRUE,TRUE,12.9865265,TRUE,TRUE
2895455320,2945852527,0.6050496,0.6657878,55.466187,104.08124,37.88243,TRUE,TRUE,3.006668,TRUE,TRUE,-36.662186,-73.361176,653.16925,TRUE,TRUE,12.165588,TRUE,TRUE,0.6148004,0.6745653,60.614624,101.631546,36.990833,TRUE,TRUE,3.3178864,TRUE,TRUE,24.489498,-82.05767,656.93744,TRUE,TRUE,13.031357,TRUE,TRUE
2895463653,2945860860,0.60054845,0.6938536,53.08958,96.24843,35.03151,TRUE,TRUE,3.004715,TRUE,TRUE,-36.67442,-73.442184,653.11865,TRUE,TRUE,12.36261,TRUE,TRUE,0.6097441,0.71053386,57.944855,91.59317,33.337177,TRUE,TRUE,3.2993011,TRUE,TRUE,24.43723,-82.13081,656.84625,TRUE,TRUE,12.656677,TRUE,TRUE
2895471987,2945869194,0.5970315,0.6566449,51.232635,106.63295,38.81115,TRUE,TRUE,2.9924927,TRUE,TRUE,-36.74146,-73.42783,652.8712,TRUE,TRUE,12.134277,TRUE,TRUE,0.6096767,0.6805318,57.909317,99.96637,36.384743,TRUE,TRUE,3.3117828,TRUE,TRUE,24.442991,-82.15239,656.79517,TRUE,TRUE,12.679642,TRUE,TRUE
2895480320,2945877528,0.5977453,0.659127,51.60951,105.94022,38.558994,TRUE,TRUE,2.994049,TRUE,TRUE,-36.79998,-73.47935,653.1305,TRUE,TRUE,13.163864,TRUE,TRUE,0.6119721,0.68080175,59.12127,99.89104,36.357315,TRUE,TRUE,3.301529,TRUE,TRUE,24.455986,-82.17581,656.7706,TRUE,TRUE,12.173874,TRUE,TRUE
2895488653,2945885861,0.59713477,0.6650423,51.287155,104.28934,37.95816,TRUE,TRUE,2.9848785,TRUE,TRUE,-36.83065,-73.49054,653.0796,TRUE,TRUE,12.370804,TRUE,TRUE,0.6139177,0.6846291,60.14856,98.8229,35.968525,TRUE,TRUE,3.2996826,TRUE,TRUE,24.447964,-82.18568,656.7693,TRUE,TRUE,12.216812,TRUE,TRUE
2895496987,2945894195,0.6007887,0.67042077,53.21644,102.78825,37.41182,TRUE,TRUE,2.9857025,TRUE,TRUE,-36.848705,-73.49764,653.02924,TRUE,TRUE,13.0694275,TRUE,TRUE,0.61204517,0.6865163,59.15986,98.29619,35.77684,TRUE,TRUE,3.3043823,TRUE,TRUE,24.438343,-82.19069,656.7467,TRUE,TRUE,12.181854,TRUE,TRUE
2895505320,2945902528,0.6014768,0.66763407,53.579727,103.56599,37.69488,TRUE,TRUE,2.9899902,TRUE,TRUE,-36.871994,-73.5244,653.00226,TRUE,TRUE,12.393677,TRUE,TRUE,0.61303574,0.68654335,59.682884,98.28863,35.77405,TRUE,TRUE,3.2865143,TRUE,TRUE,24.43332,-82.209595,656.7233,TRUE,TRUE,12.598572,TRUE,TRUE
2895513653,2945910861,0.59838086,0.67311054,51.945084,102.037575,37.138577,TRUE,TRUE,2.987091,TRUE,TRUE,-36.886944,-73.54472,653.00073,TRUE,TRUE,12.604355,TRUE,TRUE,0.6119264,0.6868304,59.097137,98.20849,35.744938,TRUE,TRUE,3.2958984,TRUE,TRUE,24.42878,-82.22691,656.6735,TRUE,TRUE,12.477203,TRUE,TRUE
2895521987,2945919195,0.5973846,0.66455406,51.419037,104.42559,38.007755,TRUE,TRUE,2.9763794,TRUE,TRUE,-36.89744,-73.56593,652.8301,TRUE,TRUE,12.654205,TRUE,TRUE,0.611344,0.69044507,58.789604,97.19971,35.37776,TRUE,TRUE,3.3029327,TRUE,TRUE,24.426647,-82.2396,656.6737,TRUE,TRUE,12.658295,TRUE,TRUE
2895530320,2945927528,0.5988053,0.67153347,52.16924,102.4777,37.298767,TRUE,TRUE,2.9811554,TRUE,TRUE,-36.925514,-73.59765,652.99896,TRUE,TRUE,12.347015,TRUE,TRUE,0.6119904,0.6908341,59.130943,97.091125,35.338226,TRUE,TRUE,3.2972565,TRUE,TRUE,24.422962,-82.25633,656.55554,TRUE,TRUE,13.476959,TRUE,TRUE
2895538653,2945935861,0.59869164,0.6747022,52.109222,101.59333,36.976875,TRUE,TRUE,2.9868622,TRUE,TRUE,-36.938263,-73.608826,652.92346,TRUE,TRUE,12.03714,TRUE,TRUE,0.6107458,0.69161355,58.473785,96.87358,35.25905,TRUE,TRUE,3.30513,TRUE,TRUE,24.417324,-82.268875,656.60254,TRUE,TRUE,12.346603,TRUE,TRUE
2895546987,2945944195,0.59666514,0.674985,51.039204,101.51442,36.948177,TRUE,TRUE,2.9898834,TRUE,TRUE,-36.961075,-73.62376,652.8974,TRUE,TRUE,12.898087,TRUE,TRUE,0.6113275,0.68965644,58.780964,97.41979,35.45788,TRUE,TRUE,3.2944946,TRUE,TRUE,24.409508,-82.28485,656.60333,TRUE,TRUE,12.398743,TRUE,TRUE
2895555320,2945952528,0.59827423,0.6747329,51.888824,101.58481,36.97373,TRUE,TRUE,2.9796448,TRUE,TRUE,-36.984306,-73.64224,652.8454,TRUE,TRUE,12.308243,TRUE,TRUE,0.61057734,0.69307864,58.384857,96.4647,35.110252,TRUE,TRUE,3.2957153,TRUE,TRUE,24.40203,-82.303764,656.5792,TRUE,TRUE,12.62529,TRUE,TRUE
2895563653,2945960861,0.5988989,0.674264,52.21862,101.71565,37.021446,TRUE,TRUE,2.9794617,TRUE,TRUE,-37.007317,-73.66737,652.89246,TRUE,TRUE,12.746368,TRUE,TRUE,0.6147465,0.69195056,60.586193,96.77953,35.224808,TRUE,TRUE,3.2966766,TRUE,TRUE,24.389198,-82.308655,656.5563,TRUE,TRUE,12.849426,TRUE,TRUE
2895571987,2945969195,0.5962454,0.6700855,50.817604,102.88182,37.445904,TRUE,TRUE,2.9760284,TRUE,TRUE,-37.024918,-73.681465,652.938,TRUE,TRUE,12.844513,TRUE,TRUE,0.6122992,0.6896824,59.29403,97.41257,35.45521,TRUE,TRUE,3.2927399,TRUE,TRUE,24.376755,-82.31795,656.53217,TRUE,TRUE,12.542816,TRUE,TRUE
2895580320,2945977528,0.5975715,0.6746688,51.517746,101.60268,36.980297,TRUE,TRUE,2.978363,TRUE,TRUE,-37.048088,-73.69168,652.8876,TRUE,TRUE,12.493912,TRUE,TRUE,0.6130407,0.69582057,59.685486,95.69945,34.83174,TRUE,TRUE,3.2984009,TRUE,TRUE,24.358532,-82.324585,656.53186,TRUE,TRUE,12.546646,TRUE,TRUE
2895588653,2945985861,0.5971274,0.67351264,51.28325,101.92535,37.097763,TRUE,TRUE,2.9733734,TRUE,TRUE,-37.073742,-73.70479,652.8115,TRUE,TRUE,12.494141,TRUE,TRUE,0.6138732,0.69036746,60.12507,97.22135,35.385643,TRUE,TRUE,3.2848206,TRUE,TRUE,24.336071,-82.323105,656.485,TRUE,TRUE,12.118591,TRUE,TRUE
2895596987,2945994195,0.5985835,0.6772764,52.0521,100.87493,36.715435,TRUE,TRUE,2.9829102,TRUE,TRUE,-37.10713,-73.720894,652.833,TRUE,TRUE,12.602982,TRUE,TRUE,0.61367023,0.69800955,60.017906,95.088524,34.60936,TRUE,TRUE,3.3007355,TRUE,TRUE,24.317474,-82.331894,656.50946,TRUE,TRUE,12.326096,TRUE,TRUE
2895605320,2946002528,0.5991148,0.67771626,52.332623,100.75216,36.670708,TRUE,TRUE,2.982544,TRUE,TRUE,-37.137802,-73.728004,652.8546,TRUE,TRUE,12.228195,TRUE,TRUE,0.61253685,0.6968967,59.419464,95.39911,34.722404,TRUE,TRUE,3.3005981,TRUE,TRUE,24.30133,-82.33853,656.58496,TRUE,TRUE,12.950684,TRUE,TRUE
2895613653,2946010861,0.6009303,0.6752012,53.291183,101.45411,36.92618,TRUE,TRUE,2.9812775,TRUE,TRUE,-37.168736,-73.727425,652.6333,TRUE,TRUE,12.641968,TRUE,TRUE,0.6115164,0.69390786,58.8807,96.23327,35.02597,TRUE,TRUE,3.3019714,TRUE,TRUE,24.27872,-82.339340000000007,656.53613,TRUE,TRUE,12.53009,TRUE,TRUE
2895621987,2946019196,0.5954343,0.6735162,50.38929,101.92436,37.09739,TRUE,TRUE,2.9817505,TRUE,TRUE,-37.198708,-73.762024,652.8491,TRUE,TRUE,12.715347,TRUE,TRUE,0.610819,0.69228554,58.51242,96.686066,35.19078,TRUE,TRUE,3.2939606,TRUE,TRUE,24.249311,-82.32962,656.442,TRUE,TRUE,12.771942,TRUE,TRUE
2895630320,2946027529,0.5990676,0.6758512,52.307747,101.272705,36.860123,TRUE,TRUE,2.982605,TRUE,TRUE,-37.242393,-73.77446,652.84265,TRUE,TRUE,12.536835,TRUE,TRUE,0.61299175,0.69667494,59.65966,95.46105,34.744854,TRUE,TRUE,3.2972412,TRUE,TRUE,24.215805,-82.32557,656.41943,TRUE,TRUE,12.214218,TRUE,TRUE
2895638653,2946035862,0.596636,0.678126,51.02384,100.63782,36.629105,TRUE,TRUE,2.9831085,TRUE,TRUE,-37.2855,-73.79348,652.88666,TRUE,TRUE,12.738876,TRUE,TRUE,0.6128585,0.69581807,59.589294,95.700195,34.831875,TRUE,TRUE,3.306137,TRUE,TRUE,24.18481,-82.321014,656.44604,TRUE,TRUE,11.99054,TRUE,TRUE
2895646987,2946044196,0.59582835,0.6740154,50.597366,101.78504,37.046623,TRUE,TRUE,2.9913635,TRUE,TRUE,-37.316196,-73.81235,652.9326,TRUE,TRUE,11.903412,TRUE,TRUE,0.61236227,0.697418,59.327297,95.25364,34.669445,TRUE,TRUE,3.300537,TRUE,TRUE,24.158716,-82.32062,656.47095,TRUE,TRUE,12.509979,TRUE,TRUE
2895655320,2946052529,0.5940321,0.67570555,49.64896,101.31332,36.875,TRUE,TRUE,2.986908,TRUE,TRUE,-37.351967,-73.823784,652.88116,TRUE,TRUE,12.846161,TRUE,TRUE,0.61269766,0.69600093,59.50438,95.64914,34.81335,TRUE,TRUE,3.3021698,TRUE,TRUE,24.127857,-82.315125,656.47327,TRUE,TRUE,12.496796,TRUE,TRUE
2895663653,2946060862,0.5993858,0.6712893,52.475716,102.54584,37.32357,TRUE,TRUE,2.986969,TRUE,TRUE,-37.393288,-73.8254,652.8292,TRUE,TRUE,12.543655,TRUE,TRUE,0.6123233,0.7028667,59.306732,93.73297,34.115967,TRUE,TRUE,3.3001404,TRUE,TRUE,24.09385,-82.28574,656.3312,TRUE,TRUE,11.678635,TRUE,TRUE
2895671987,2946069196,0.5972104,0.6744134,51.327114,101.673935,37.00626,TRUE,TRUE,2.9906464,TRUE,TRUE,-37.434025,-73.83114,652.8957,TRUE,TRUE,12.473206,TRUE,TRUE,0.6149444,0.69678485,60.690647,95.43031,34.733765,TRUE,TRUE,3.294876,TRUE,TRUE,24.057095,-82.27455,656.3816,TRUE,TRUE,11.723068,TRUE,TRUE
2895680320,2946077529,0.5978648,0.6763698,51.672634,101.12793,36.80755,TRUE,TRUE,2.9866028,TRUE,TRUE,-37.46716,-73.835785,652.989,TRUE,TRUE,12.47171,TRUE,TRUE,0.61398923,0.6959106,60.186302,95.67435,34.822544,TRUE,TRUE,3.303238,TRUE,TRUE,24.028765,-82.26377,656.3827,TRUE,TRUE,12.262939,TRUE,TRUE
2895688653,2946085862,0.5973792,0.67461085,51.41624,101.61884,36.986225,TRUE,TRUE,2.9954681,TRUE,TRUE,-37.502853,-73.8354,652.96136,TRUE,TRUE,12.318192,TRUE,TRUE,0.6103976,0.7008508,58.28994,94.29559,34.320747,TRUE,TRUE,3.3064728,TRUE,TRUE,24.003265,-82.25016,656.38446,TRUE,TRUE,11.890671,TRUE,TRUE
2895696987,2946094196,0.59900004,0.6732279,52.272038,102.00481,37.126667,TRUE,TRUE,2.9838867,TRUE,TRUE,-37.541256,-73.83181,652.9334,TRUE,TRUE,12.415787,TRUE,TRUE,0.6126636,0.6992667,59.486412,94.737686,34.48165,TRUE,TRUE,3.2916107,TRUE,TRUE,23.974205,-82.23273,656.4103,TRUE,TRUE,12.73378,TRUE,TRUE
2895705320,2946102529,0.5997805,0.67650914,52.684097,101.08908,36.79334,TRUE,TRUE,2.986557,TRUE,TRUE,-37.577034,-73.82493,652.9546,TRUE,TRUE,12.800446,TRUE,TRUE,0.613491,0.6922934,59.92324,96.683876,35.18997,TRUE,TRUE,3.294876,TRUE,TRUE,23.949137,-82.20488,656.36255,TRUE,TRUE,12.74913,TRUE,TRUE
2895713653,2946110862,0.5984216,0.6753217,51.966583,101.420456,36.91398,TRUE,TRUE,2.9963684,TRUE,TRUE,-37.60515,-73.82789,653.0251,TRUE,TRUE,12.817734,TRUE,TRUE,0.6144091,0.69725513,60.40802,95.29913,34.685944,TRUE,TRUE,3.2883148,TRUE,TRUE,23.915936,-82.17473,656.34143,TRUE,TRUE,12.641647,TRUE,TRUE
2895721987,2946119196,0.5958196,0.6748561,50.592743,101.55041,36.96125,TRUE,TRUE,2.9790344,TRUE,TRUE,-37.63046,-73.83164,653.02136,TRUE,TRUE,12.3016815,TRUE,TRUE,0.61615026,0.6956377,61.327374,95.7505,34.850304,TRUE,TRUE,3.2927246,TRUE,TRUE,23.890014999999998,-82.15613,656.343,TRUE,TRUE,12.698822,TRUE,TRUE
2895730320,2946127529,NA,NA,NA,NA,NA,FALSE,TRUE,NA,FALSE,TRUE,NA,NA,NA,FALSE,TRUE,12.480667,TRUE,TRUE,0.6115818,0.69500685,58.9152,95.92653,34.91443,TRUE,TRUE,3.2796936,TRUE,TRUE,23.867445,-82.12183,656.34344,TRUE,TRUE,12.952286,TRUE,TRUE
2895738653,2946135862,0.59210074,0.61294657,48.629204,118.82864,43.250065,TRUE,TRUE,2.9941406,TRUE,TRUE,-37.67165,-73.71396,653.1865,TRUE,TRUE,12.530716,TRUE,TRUE,0.614532,0.63995767,60.472878,111.290146,40.50625,TRUE,TRUE,3.293808,TRUE,TRUE,23.794544,-81.98975,656.3981,TRUE,TRUE,12.596359,TRUE,TRUE
2895746987,2946144196,0.5915587,0.5072976,48.343006,148.31406,53.981834,TRUE,TRUE,2.9918365,TRUE,TRUE,-37.630028,-73.57038,653.1402,TRUE,TRUE,12.751099,TRUE,TRUE,0.6137675,0.54111373,60.06923,138.87636,50.54678,TRUE,TRUE,3.306015,TRUE,TRUE,23.71562,-81.84024,656.5,TRUE,TRUE,12.490158,TRUE,TRUE
2895755320,2946152529,0.59574944,0.46535447,50.555695,160.0199,58.242386,TRUE,TRUE,2.9923096,TRUE,TRUE,-37.600433,-73.474884,653.26575,TRUE,TRUE,12.761765,TRUE,TRUE,0.6107156,0.4995404,58.457844,150.479,54.76983,TRUE,TRUE,3.2972717,TRUE,TRUE,23.654001,-81.69243,656.6729,TRUE,TRUE,12.545898,TRUE,TRUE
2895763653,2946160863,0.59497577,0.4426156,50.147243,166.36607,60.552155,TRUE,TRUE,2.985199,TRUE,TRUE,-37.61122,-73.4151,653.3148,TRUE,TRUE,12.722504,TRUE,TRUE,0.6098696,0.46958745,58.01117,158.83852,57.812428,TRUE,TRUE,3.2979584,TRUE,TRUE,23.615793,-81.60712,656.65393,TRUE,TRUE,12.106873,TRUE,TRUE
2895771987,2946169197,0.595172,0.46880102,50.250824,159.05801,57.892323,TRUE,TRUE,2.9882965,TRUE,TRUE,-37.656597,-73.42441,653.38,TRUE,TRUE,12.679733,TRUE,TRUE,0.6062886,0.49082142,56.120407,152.91238,55.65544,TRUE,TRUE,3.3023224,TRUE,TRUE,23.619122,-81.59707,656.6025,TRUE,TRUE,12.634689,TRUE,TRUE
2895780320,2946177530,0.59585965,0.47254455,50.613907,158.01324,57.51203,TRUE,TRUE,2.991455,TRUE,TRUE,-37.7079,-73.43054,653.256,TRUE,TRUE,12.240158,TRUE,TRUE,0.6071173,0.49672437,56.557938,151.26495,55.055805,TRUE,TRUE,3.3022003,TRUE,TRUE,23.6325,-81.601746,656.5776,TRUE,TRUE,12.251907,TRUE,TRUE
2895788653,2946185863,0.5974883,0.46314344,51.473854,160.63698,58.46698,TRUE,TRUE,3.0006561,TRUE,TRUE,-37.73885,-73.432686,653.2771,TRUE,TRUE,12.395813,TRUE,TRUE,0.6062266,0.49310407,56.08768,152.2753,55.42359,TRUE,TRUE,3.3051453,TRUE,TRUE,23.635288,-81.61478,656.55237,TRUE,TRUE,12.538345,TRUE,TRUE
2895796987,2946194197,0.59499615,0.46694595,50.15796,159.57578,58.080666,TRUE,TRUE,3.005188,TRUE,TRUE,-37.75403,-73.43043,653.2991,TRUE,TRUE,12.499771,TRUE,TRUE,0.60678047,0.48643696,56.380104,154.136,56.100872,TRUE,TRUE,3.3140106,TRUE,TRUE,23.630556,-81.6022,656.5292,TRUE,TRUE,12.989212,TRUE,TRUE
2895805320,2946202530,0.5949397,0.46233323,50.12818,160.8631,58.5493,TRUE,TRUE,2.9960785,TRUE,TRUE,-37.769398,-73.420654,653.3208,TRUE,TRUE,12.1562805,TRUE,TRUE,0.607139,0.49295172,56.569412,152.31783,55.439053,TRUE,TRUE,3.318756,TRUE,TRUE,23.630934,-81.58737,656.50574,TRUE,TRUE,12.627411,TRUE,TRUE
2895813653,2946210863,0.59368277,0.4577453,49.4645,162.14352,59.01532,TRUE,TRUE,2.9927979,TRUE,TRUE,-37.787388,-73.42076,653.3208,TRUE,TRUE,12.450058,TRUE,TRUE,0.60730463,0.4929779,56.656868,152.31055,55.436398,TRUE,TRUE,3.3045197,TRUE,TRUE,23.633692,-81.58642,656.4818,TRUE,TRUE,12.72197,TRUE,TRUE
2895821987,2946219197,0.59501034,0.46326676,50.165436,160.60257,58.454487,TRUE,TRUE,2.9932861,TRUE,TRUE,-37.812763,-73.42464,653.3887,TRUE,TRUE,12.650192,TRUE,TRUE,0.6061897,0.49029696,56.06819,153.05875,55.70869,TRUE,TRUE,3.3090057,TRUE,TRUE,23.633894,-81.579666,656.48083,TRUE,TRUE,11.91481,TRUE,TRUE
2895830320,2946227530,0.5947933,0.45737344,50.05088,162.24731,59.0531,TRUE,TRUE,2.9949646,TRUE,TRUE,-37.820568,-73.420555,653.3382,TRUE,TRUE,12.243362,TRUE,TRUE,0.6080972,0.49004006,57.075317,153.13043,55.734825,TRUE,TRUE,3.299347,TRUE,TRUE,23.632553,-81.56968,656.3851,TRUE,TRUE,13.349014,TRUE,TRUE
2895838653,2946235863,0.5957396,0.45714155,50.55052,162.31204,59.076633,TRUE,TRUE,2.99115,TRUE,TRUE,-37.83074,-73.41311,653.31415,TRUE,TRUE,12.698547,TRUE,TRUE,0.60864985,0.48806518,57.36712,153.68163,55.935394,TRUE,TRUE,3.303772,TRUE,TRUE,23.639235,-81.56218,656.45667,TRUE,TRUE,12.950958,TRUE,TRUE
2895846987,2946244197,0.5944212,0.4572332,49.854385,162.28645,59.067383,TRUE,TRUE,2.9838562,TRUE,TRUE,-37.840786,-73.40945,653.3105,TRUE,TRUE,12.378128,TRUE,TRUE,0.60667086,0.48905006,56.322197,153.40674,55.835438,TRUE,TRUE,3.304718,TRUE,TRUE,23.642696,-81.55151,656.4076,TRUE,TRUE,13.181137,TRUE,TRUE
2895855320,2946252530,0.59645504,0.45529902,50.92828,162.82626,59.263832,TRUE,TRUE,2.9840546,TRUE,TRUE,-37.85136,-73.414734,653.2888,TRUE,TRUE,12.59433,TRUE,TRUE,0.6074592,0.49003768,56.738495,153.1311,55.735058,TRUE,TRUE,3.3087769,TRUE,TRUE,23.640818,-81.53674,656.35986,TRUE,TRUE,12.863846,TRUE,TRUE
2895863653,2946260863,0.5949748,0.46070695,50.146713,161.31697,58.714527,TRUE,TRUE,2.9849854,TRUE,TRUE,-37.856403,-73.42026,653.2151,TRUE,TRUE,12.062302,TRUE,TRUE,0.60623866,0.48756295,56.09401,153.82178,55.986458,TRUE,TRUE,3.301361,TRUE,TRUE,23.643038,-81.53831,656.38293,TRUE,TRUE,13.008575,TRUE,TRUE
2895871987,2946269197,0.5959146,0.45709035,50.642918,162.32631,59.081894,TRUE,TRUE,2.9855652,TRUE,TRUE,-37.86164,-73.42618,653.167,TRUE,TRUE,12.293915,TRUE,TRUE,0.6071907,0.48447186,56.596695,154.68445,56.30047,TRUE,TRUE,3.294571,TRUE,TRUE,23.647453,-81.54439,656.43317,TRUE,TRUE,12.740128,TRUE,TRUE
2895880320,2946277530,0.59555435,0.46170348,50.45269,161.03885,58.613274,TRUE,TRUE,2.989975,TRUE,TRUE,-37.869194,-73.43619,653.16766,TRUE,TRUE,11.826691,TRUE,TRUE,0.6074804,0.4864791,56.74968,154.12425,56.096558,TRUE,TRUE,3.3062134,TRUE,TRUE,23.640152,-81.54493,656.3832,TRUE,TRUE,12.6167755,TRUE,TRUE
2895888653,2946285863,0.5955793,0.4569005,50.465904,162.37932,59.101135,TRUE,TRUE,2.9897614,TRUE,TRUE,-37.88713,-73.45772,653.23517,TRUE,TRUE,12.23233,TRUE,TRUE,0.60660297,0.48312676,56.286392,155.05984,56.437088,TRUE,TRUE,3.3007812,TRUE,TRUE,23.638184,-81.533264,656.35864,TRUE,TRUE,13.341583,TRUE,TRUE
2895896987,2946294198,0.59372145,0.4583556,49.48494,161.97319,58.953360000000004,TRUE,TRUE,2.9873962,TRUE,TRUE,-37.89724,-73.46862,653.25885,TRUE,TRUE,11.904968,TRUE,TRUE,0.60430753,0.49017203,55.07438,153.0936,55.721443,TRUE,TRUE,3.2997131,TRUE,TRUE,23.632843,-81.54047,656.38403,TRUE,TRUE,13.1483,TRUE,TRUE
2895905320,2946302531,0.5940777,0.45729923,49.67301,162.26804,59.0607,TRUE,TRUE,2.983261,TRUE,TRUE,-37.909927,-73.48052,653.2813,TRUE,TRUE,12.4700775,TRUE,TRUE,0.60634196,0.48650116,56.148552,154.11812,56.094307,TRUE,TRUE,3.3013153,TRUE,TRUE,23.6253,-81.53662,656.3589,TRUE,TRUE,12.42337,TRUE,TRUE
2895913653,2946310864,0.5980247,0.46372402,51.75708,160.47495,58.408005,TRUE,TRUE,2.9848938,TRUE,TRUE,-37.92277,-73.458176,653.01434,TRUE,TRUE,11.927673,TRUE,TRUE,0.60695636,0.48884880000000003,56.47301,153.46289,55.85589,TRUE,TRUE,3.297577,TRUE,TRUE,23.619648,-81.537445,656.3833,TRUE,TRUE,13.003815,TRUE,TRUE
2895921987,2946319198,0.59454143,0.46154565,49.917847,161.08289,58.629356,TRUE,TRUE,2.9808655,TRUE,TRUE,-37.943275,-73.504524,653.3046,TRUE,TRUE,12.372665,TRUE,TRUE,0.6061816,0.4888435,56.06391,153.46439,55.85636,TRUE,TRUE,3.3121643,TRUE,TRUE,23.609364,-81.53742,656.38354,TRUE,TRUE,12.743271,TRUE,TRUE
2895930320,2946327531,0.59337467,0.45928198,49.301838,161.71465,58.85927,TRUE,TRUE,2.9741974,TRUE,TRUE,-37.966114,-73.51967,653.3978,TRUE,TRUE,12.425339,TRUE,TRUE,0.60480845,0.4907698,55.338856,152.92676,55.660717,TRUE,TRUE,3.3049927,TRUE,TRUE,23.602497,-81.52992,656.3357,TRUE,TRUE,12.667816,TRUE,TRUE
2895938653,2946335864,0.59429234,0.4615144,49.786346,161.0916,58.632496,TRUE,TRUE,2.9718933,TRUE,TRUE,-37.981293,-73.52595,653.39453,TRUE,TRUE,12.479141,TRUE,TRUE,0.60745245,0.48374367,56.734867,154.8877,56.37445,TRUE,TRUE,3.2998047,TRUE,TRUE,23.59214,-81.52159,656.3375,TRUE,TRUE,12.726059,TRUE,TRUE
2895946987,2946344198,0.5957264,0.45798874,50.543568,162.07559,58.990616,TRUE,TRUE,2.9805145,TRUE,TRUE,-37.994392,-73.530785,653.3696,TRUE,TRUE,12.387238,TRUE,TRUE,0.6049601,0.4905912,55.41891,152.97662,55.678856,TRUE,TRUE,3.3061829,TRUE,TRUE,23.587002,-81.51718,656.33673,TRUE,TRUE,12.575867,TRUE,TRUE
2895955320,2946352531,0.5956718,0.46246085,50.51472,160.82747,58.536316,TRUE,TRUE,2.9722595,TRUE,TRUE,-38.00443,-73.5305,653.3451,TRUE,TRUE,12.185806,TRUE,TRUE,0.60503507,0.48748416,55.458538,153.84375,55.994495,TRUE,TRUE,3.3088684,TRUE,TRUE,23.579025,-81.50543,656.3616,TRUE,TRUE,12.491867,TRUE,TRUE
2895963653,2946360864,0.59470475,0.46183008,50.004116,161.00351,58.600407,TRUE,TRUE,2.9608612,TRUE,TRUE,-38.00962,-73.539154,653.36884,TRUE,TRUE,11.932648,TRUE,TRUE,0.6050614,0.48931742,55.472424,153.33212,55.808258,TRUE,TRUE,3.3046265,TRUE,TRUE,23.573593,-81.5004,656.3884,TRUE,TRUE,12.663193,TRUE,TRUE
2895971987,2946369198,0.59507513,0.4611476,50.199707,161.19397,58.669746,TRUE,TRUE,2.9713135,TRUE,TRUE,-38.017334,-73.54066,653.3203,TRUE,TRUE,12.442154,TRUE,TRUE,0.6061202,0.48999548,56.031464,153.14287,55.73938,TRUE,TRUE,3.3004456,TRUE,TRUE,23.568766,-81.49132,656.3635,TRUE,TRUE,12.873199,TRUE,TRUE
2895980320,2946377532,0.5936802,0.46281296,49.463146,160.7292,58.500614,TRUE,TRUE,2.9682007,TRUE,TRUE,-38.019787,-73.54823,653.34326,TRUE,TRUE,12.518738,TRUE,TRUE,0.60263574,0.48479155,54.191715,154.59525,56.267952,TRUE,TRUE,3.293579,TRUE,TRUE,23.573326,-81.49577,656.4109,TRUE,TRUE,12.428589,TRUE,TRUE
2895988653,2946385865,0.59427714,0.46172863,49.77836,161.03185,58.610672,TRUE,TRUE,2.9658966,TRUE,TRUE,-38.017273,-73.55714,653.3186,TRUE,TRUE,12.824707,TRUE,TRUE,0.6042656,0.48774934,55.052223,153.76974,55.967575,TRUE,TRUE,3.3016815,TRUE,TRUE,23.57355,-81.49074,656.3871,TRUE,TRUE,13.019043,TRUE,TRUE
2895996987,2946394199,0.595121,0.46074283,50.22392,161.30696,58.710846,TRUE,TRUE,2.9638824,TRUE,TRUE,-38.017376,-73.5687,653.3437,TRUE,TRUE,12.347214,TRUE,TRUE,0.6048398,0.48960757,55.355392,153.25113,55.77878,TRUE,TRUE,3.3022919,TRUE,TRUE,23.578794,-81.48813,656.3865,TRUE,TRUE,12.734085,TRUE,TRUE
2896005320,2946402532,0.5928335,0.46167305,49.016083,161.04733,58.616364,TRUE,TRUE,2.9659119,TRUE,TRUE,-38.004433,-73.583595,653.39355,TRUE,TRUE,12.560089,TRUE,TRUE,0.6050615,0.4867295,55.472485,154.05438,56.07112,TRUE,TRUE,3.2923431,TRUE,TRUE,23.588621,-81.48898,656.4092,TRUE,TRUE,12.396683,TRUE,TRUE
2896013653,2946410865,0.5936127,0.45733786,49.427486,162.25725,59.05674,TRUE,TRUE,2.9611816,TRUE,TRUE,-37.994286,-73.602554,653.49176,TRUE,TRUE,12.361893,TRUE,TRUE,0.6052582,0.48664367,55.576363,154.07834,56.079834,TRUE,TRUE,3.3029785,TRUE,TRUE,23.601482,-81.4913,656.4094,TRUE,TRUE,13.189301,TRUE,TRUE
2896021987,2946419199,0.5944185,0.46148962,49.85299,161.09854,58.63498,TRUE,TRUE,2.9625092,TRUE,TRUE,-37.978786,-73.61028,653.51715,TRUE,TRUE,12.7742,TRUE,TRUE,0.6061003,0.48567933,56.02098,154.34747,56.177826,TRUE,TRUE,3.2895813,TRUE,TRUE,23.61766,-81.488556,656.3609,TRUE,TRUE,12.442154,TRUE,TRUE
2896030320,2946427532,0.5948707,0.46487454,50.091713,160.15384,58.29118,TRUE,TRUE,2.9628754,TRUE,TRUE,-37.96347,-73.618484,653.5183,TRUE,TRUE,12.536591,TRUE,TRUE,0.60686964,0.48750764,56.427177,153.83722,55.992073,TRUE,TRUE,3.2921906,TRUE,TRUE,23.638496,-81.49101,656.334,TRUE,TRUE,12.835587,TRUE,TRUE
2896038653,2946435866,0.5933341,0.46214113,49.28038,160.91672,58.568825,TRUE,TRUE,2.9580383,TRUE,TRUE,-37.93276,-73.62224,653.5221,TRUE,TRUE,12.067612,TRUE,TRUE,0.6030738,0.4933705,54.422966,152.20094,55.39653,TRUE,TRUE,3.288391,TRUE,TRUE,23.668964,-81.495605,656.38184,TRUE,TRUE,12.956894,TRUE,TRUE
2896046987,2946444200,0.5949658,0.46696,50.141953,159.57182,58.079315,TRUE,TRUE,2.956894,TRUE,TRUE,-37.909492,-73.61661,653.49774,TRUE,TRUE,12.209839,TRUE,TRUE,0.60510576,0.48845297,55.495853,153.57336,55.89604,TRUE,TRUE,3.2885742,TRUE,TRUE,23.693493,-81.49893,656.45264,TRUE,TRUE,12.931702,TRUE,TRUE
2896055320,2946452533,0.5932032,0.4599797,49.21131,161.51991,58.788406,TRUE,TRUE,2.9526672,TRUE,TRUE,-37.889153,-73.61803,653.5748,TRUE,TRUE,11.92775,TRUE,TRUE,0.60415006,0.48956043,54.99122,153.2643,55.783585,TRUE,TRUE,3.2922516,TRUE,TRUE,23.713476,-81.49916,656.49927,TRUE,TRUE,12.894165,TRUE,TRUE
2896063653,2946460866,0.5761821,0.43282807,40.224167,169.09766,61.546417,TRUE,TRUE,2.9550018,TRUE,TRUE,-37.88896,-73.58398,653.59875,TRUE,TRUE,12.427383,TRUE,TRUE,0.5889808,0.46424273,46.981853,160.3302,58.355293,TRUE,TRUE,3.2960663,TRUE,TRUE,23.66386,-81.457306,656.4308,TRUE,TRUE,12.010239,TRUE,TRUE
2896071987,2946469200,0.5603677,0.42037022,31.874191,172.57448,62.811905,TRUE,TRUE,2.9572754,TRUE,TRUE,-37.893997,-73.57088,653.74316,TRUE,TRUE,11.971161,TRUE,TRUE,0.5748056,0.45164803,39.497364,163.84521,59.634705,TRUE,TRUE,3.2870483,TRUE,TRUE,23.620008,-81.42945,656.50635,TRUE,TRUE,12.861328,TRUE,TRUE
2896080320,2946477533,0.5673807,0.43805766,35.57702,167.63812,61.01519,TRUE,TRUE,2.945465,TRUE,TRUE,-37.87564,-73.56424,653.81555,TRUE,TRUE,12.1983795,TRUE,TRUE,0.5755646,0.46160293,39.89813,161.06693,58.62346,TRUE,TRUE,3.2922058,TRUE,TRUE,23.627579,-81.41191,656.50464,TRUE,TRUE,12.763794,TRUE,TRUE
2896088653,2946485866,0.573297,0.43368053,38.700848,168.85973,61.4598,TRUE,TRUE,2.9537354,TRUE,TRUE,-37.860706,-73.574524,653.94086,TRUE,TRUE,12.568756,TRUE,TRUE,0.5768229,0.4605093,40.562477,161.37213,58.734592,TRUE,TRUE,3.2962494,TRUE,TRUE,23.672379,-81.40706,656.624,TRUE,TRUE,13.128067,TRUE,TRUE
2896096987,2946494200,0.5713547,0.43408877,37.675293,168.7458,61.41835,TRUE,TRUE,2.9459076,TRUE,TRUE,-37.829857,-73.58399,653.9919,TRUE,TRUE,12.362564,TRUE,TRUE,0.57961345,0.45625818,42.03592,162.55856,59.166428,TRUE,TRUE,3.2788696,TRUE,TRUE,23.714676,-81.41073,656.5253,TRUE,TRUE,12.762863,TRUE,TRUE
2896105320,2946502533,0.56975317,0.43410367,36.82968,168.74164,61.416824,TRUE,TRUE,2.9434357,TRUE,TRUE,-37.791256,-73.57224,653.9209,TRUE,TRUE,12.036957,TRUE,TRUE,0.5783701,0.45828,41.379417,161.99432,58.961014,TRUE,TRUE,3.2801666,TRUE,TRUE,23.747568,-81.41196,656.5707,TRUE,TRUE,12.395142,TRUE,TRUE
2896113653,2946510866,0.5686527,0.4326496,36.248653,169.14745,61.564568,TRUE,TRUE,2.9343262,TRUE,TRUE,-37.75551,-73.56568,653.8786,TRUE,TRUE,12.030609,TRUE,TRUE,0.5777987,0.45693737,41.07773,162.36902,59.09738,TRUE,TRUE,3.285965,TRUE,TRUE,23.782957,-81.41316,656.6182,TRUE,TRUE,12.944443,TRUE,TRUE
2896121987,2946519200,0.5704385,0.43263224,37.191547,169.1523,61.566326,TRUE,TRUE,2.9352875,TRUE,TRUE,-37.724792,-73.572876,653.95197,TRUE,TRUE,12.679916,TRUE,TRUE,0.5764761,0.45705435,40.379425,162.33638,59.08551,TRUE,TRUE,3.282425,TRUE,TRUE,23.828053,-81.419876,656.7118,TRUE,TRUE,12.811417,TRUE,TRUE
2896130320,2946527533,0.57002264,0.43438476,36.971962,168.66318,61.388313,TRUE,TRUE,2.9364471,TRUE,TRUE,-37.704243,-73.59074,654.15137,TRUE,TRUE,12.122665,TRUE,TRUE,0.57777375,0.45815718,41.064552,162.02858,58.973534,TRUE,TRUE,3.2828064,TRUE,TRUE,23.860456,-81.425064,656.5887,TRUE,TRUE,12.372833,TRUE,TRUE
2896138653,2946535866,0.56961536,0.4349422,36.756943,168.50761,61.33167,TRUE,TRUE,2.9352722,TRUE,TRUE,-37.66062,-73.57879,654.08136,TRUE,TRUE,12.452179,TRUE,TRUE,0.57740134,0.4594134,40.867943,161.67798,58.845894,TRUE,TRUE,3.2840118,TRUE,TRUE,23.895613,-81.43257,656.65924,TRUE,TRUE,12.257736,TRUE,TRUE
2896146987,2946544200,0.5688308,0.43351227,36.34267,168.90671,61.476894,TRUE,TRUE,2.9311829,TRUE,TRUE,-37.61975,-73.56357,653.94135000000006,TRUE,TRUE,12.375229,TRUE,TRUE,0.57678497,0.4584512,40.542496,161.9465,58.94363,TRUE,TRUE,3.2759247,TRUE,TRUE,23.93139,-81.43602,656.6813,TRUE,TRUE,13.257095,TRUE,TRUE
2896155320,2946552533,0.569718,0.43203843,36.81112,169.31802,61.626656,TRUE,TRUE,2.923706,TRUE,TRUE,-37.594204,-73.57198,654.0661,TRUE,TRUE,12.683792,TRUE,TRUE,0.5761087,0.46127006,40.1854,161.1598,58.65731,TRUE,TRUE,3.2805939,TRUE,TRUE,23.971172,-81.44847,656.77563,TRUE,TRUE,13.026123,TRUE,TRUE
2896163653,2946560866,0.56950605,0.43405977,36.699173,168.7539,61.42131,TRUE,TRUE,2.9329834,TRUE,TRUE,-37.570957,-73.57864,654.188,TRUE,TRUE,12.539612,TRUE,TRUE,0.5775211,0.45814574,40.931152,162.03178,58.974625,TRUE,TRUE,3.2775269,TRUE,TRUE,24.00198,-81.454025,656.7736,TRUE,TRUE,12.838837,TRUE,TRUE
2896171987,2946569200,0.57142353,0.4369781,37.711624,167.93944,61.124832,TRUE,TRUE,2.927063,TRUE,TRUE,-37.542747,-73.57644,654.2401,TRUE,TRUE,12.545746,TRUE,TRUE,0.5768771,0.46112722,40.59111,161.19968,58.671818,TRUE,TRUE,3.2854004,TRUE,TRUE,24.02834,-81.45399,656.7225,TRUE,TRUE,12.399063,TRUE,TRUE
2896180320,2946577534,0.570346,0.43469638,37.142685,168.5762,61.35664,TRUE,TRUE,2.9286041,TRUE,TRUE,-37.506977,-73.564095,654.1721,TRUE,TRUE,12.443161,TRUE,TRUE,0.57527083,0.46207207,39.74302,160.93596,58.57586,TRUE,TRUE,3.2842865,TRUE,TRUE,24.05959,-81.44891,656.72217,TRUE,TRUE,12.67868,TRUE,TRUE
2896188653,2946585867,0.56989014,0.43658376,36.902,168.0495,61.164944,TRUE,TRUE,2.930954,TRUE,TRUE,-37.47871,-73.56161,654.1976,TRUE,TRUE,12.56102,TRUE,TRUE,0.5746641,0.46247303,39.422638,160.82407,58.535084,TRUE,TRUE,3.2812653,TRUE,TRUE,24.096172,-81.461334,656.86676,TRUE,TRUE,12.417313,TRUE,TRUE
2896196987,2946594201,0.57010984,0.43505454,37.018005,168.47626,61.32028,TRUE,TRUE,2.9217072,TRUE,TRUE,-37.455544,-73.560059999999993,654.2976,TRUE,TRUE,12.703888,TRUE,TRUE,0.5777682,0.46416023,41.0616,160.35318,58.36373,TRUE,TRUE,3.2684174,TRUE,TRUE,24.111095,-81.433105,656.71985,TRUE,TRUE,13.103912,TRUE,TRUE
2896205320,2946602534,0.5707194,0.43605238,37.339867,168.1978,61.218845,TRUE,TRUE,2.9184875,TRUE,TRUE,-37.42999,-73.54268,654.2779,TRUE,TRUE,12.650665,TRUE,TRUE,0.57779634,0.45812076,41.076485,162.03874,58.977192,TRUE,TRUE,3.271347,TRUE,TRUE,24.1473,-81.45365,656.8893,TRUE,TRUE,12.76059,TRUE,TRUE
2896213653,2946610867,0.5695353,0.43626028,36.714672,168.13976,61.197773,TRUE,TRUE,2.9201508,TRUE,TRUE,-37.404194,-73.53584,654.279,TRUE,TRUE,12.604935,TRUE,TRUE,0.57569695,0.4601243,39.968025,161.47955,58.773712,TRUE,TRUE,3.277298,TRUE,TRUE,24.17419,-81.44082,656.8135,TRUE,TRUE,13.347794,TRUE,TRUE
2896221987,2946619201,0.5705535,0.4345411,37.25225,168.61955,61.372383,TRUE,TRUE,2.9228668,TRUE,TRUE,-37.38372,-73.53587,654.32825,TRUE,TRUE,12.203217,TRUE,TRUE,0.57575244,0.45652503,39.997284,162.4841,59.13926,TRUE,TRUE,3.282257,TRUE,TRUE,24.197289,-81.433426,656.8108,TRUE,TRUE,12.02858,TRUE,TRUE
2896230320,2946627534,0.5709819,0.43853167,37.47846,167.50586,60.967033,TRUE,TRUE,2.9240723,TRUE,TRUE,-37.360577,-73.53254,654.35504,TRUE,TRUE,12.644028,TRUE,TRUE,0.57689625,0.46336308,40.601227,160.57568,58.44468,TRUE,TRUE,3.2769775,TRUE,TRUE,24.222416,-81.43132,656.8594,TRUE,TRUE,12.9189,TRUE,TRUE
2896238653,2946635867,0.5679464,0.43757558,35.87569,167.77269,61.064125,TRUE,TRUE,2.9188843,TRUE,TRUE,-37.342545,-73.52902,654.3578,TRUE,TRUE,12.3437195,TRUE,TRUE,0.5756426,0.46108294,39.939262,161.21204,58.676315,TRUE,TRUE,3.2707367,TRUE,TRUE,24.242107,-81.43249,656.9302,TRUE,TRUE,13.241409,TRUE,TRUE
2896246987,2946644201,0.569233,0.4324661,36.55502,169.19868,61.583183,TRUE,TRUE,2.9184723,TRUE,TRUE,-37.32983,-73.52286,654.38184,TRUE,TRUE,13.178253,TRUE,TRUE,0.5776837,0.4604509,41.01698,161.38843,58.740486,TRUE,TRUE,3.2682953,TRUE,TRUE,24.257332,-81.434555,656.92993,TRUE,TRUE,12.245819,TRUE,TRUE
2896255320,2946652534,0.5688743,0.4358817,36.365646,168.2454,61.23625,TRUE,TRUE,2.9172516,TRUE,TRUE,-37.31939,-73.52017,654.431,TRUE,TRUE,12.467941,TRUE,TRUE,0.576322,0.45550886,40.298035,162.76767,59.242554,TRUE,TRUE,3.271515,TRUE,TRUE,24.267801,-81.425415,656.9291,TRUE,TRUE,12.227371,TRUE,TRUE
2896263653,2946660867,0.5696623,0.4382214,36.781723,167.59242,60.99856,TRUE,TRUE,2.920868,TRUE,TRUE,-37.309116,-73.508575,654.4066,TRUE,TRUE,12.116135,TRUE,TRUE,0.5756928,0.4588617,39.965805,161.83197,58.901936,TRUE,TRUE,3.2733917,TRUE,TRUE,24.27559,-81.42292,656.929,TRUE,TRUE,12.813232,TRUE,TRUE
2896271987,2946669201,0.5689642,0.4358043,36.413105,168.267,61.2441,TRUE,TRUE,2.9064178,TRUE,TRUE,-37.306683,-73.508064,654.43274,TRUE,TRUE,12.315887,TRUE,TRUE,0.5782211,0.4569953,41.300735,162.35287,59.091488,TRUE,TRUE,3.2799835,TRUE,TRUE,24.282423,-81.42192,656.9756,TRUE,TRUE,13.4700165,TRUE,TRUE
2896280320,2946677534,0.57045734,0.43940014,37.20148,167.26346,60.87883,TRUE,TRUE,2.9208374,TRUE,TRUE,-37.306534,-73.5012,654.4569,TRUE,TRUE,13.012665,TRUE,TRUE,0.57559997,0.45735747,39.916775,162.25177,59.054768,TRUE,TRUE,3.2760162,TRUE,TRUE,24.283302,-81.41075,656.92804,TRUE,TRUE,12.469635,TRUE,TRUE
2896288653,2946685867,0.5699985,0.43730497,36.95923,167.84818,61.09167,TRUE,TRUE,2.9166718,TRUE,TRUE,-37.30659,-73.49306,654.4575,TRUE,TRUE,12.624054,TRUE,TRUE,0.5748742,0.45518565,39.533585,162.85791,59.27533,TRUE,TRUE,3.2781067,TRUE,TRUE,24.285854,-81.40547,656.92786,TRUE,TRUE,13.154053,TRUE,TRUE
2896296987,2946694201,0.56770116,0.43833607,35.746197,167.56042,60.986946,TRUE,TRUE,2.922882,TRUE,TRUE,-37.31151,-73.48726,654.4562,TRUE,TRUE,13.244141,TRUE,TRUE,0.5748643,0.45742023,39.528366,162.23425,59.048355,TRUE,TRUE,3.272934,TRUE,TRUE,24.281116,-81.39847,656.9044,TRUE,TRUE,12.277222,TRUE,TRUE
2896305320,2946702534,0.5693422,0.43722102,36.612694,167.87161,61.100246,TRUE,TRUE,2.91214,TRUE,TRUE,-37.319336,-73.48275,654.4541,TRUE,TRUE,12.06015,TRUE,TRUE,0.5738736,0.45785296,39.005257,162.1135,59.004387,TRUE,TRUE,3.2787476,TRUE,TRUE,24.27756,-81.394806,656.9763,TRUE,TRUE,12.945511,TRUE,TRUE
2896313653,2946710867,0.5687826,0.43925953,36.317253,167.30272,60.89308,TRUE,TRUE,2.9193115,TRUE,TRUE,-37.329628,-73.46916,654.40576,TRUE,TRUE,12.595032,TRUE,TRUE,0.5741163,0.46025944,39.13342,161.44186,58.759956,TRUE,TRUE,3.2697296,TRUE,TRUE,24.264107,-81.37883,657.026,TRUE,TRUE,12.762283,TRUE,TRUE
2896321987,2946719202,0.57020366,0.43494347,37.067574,168.50726,61.331535,TRUE,TRUE,2.9128113,TRUE,TRUE,-37.34257,-73.44798,654.3827,TRUE,TRUE,12.605225,TRUE,TRUE,0.57657194,0.4621227,40.429985,160.92183,58.57069,TRUE,TRUE,3.2696838,TRUE,TRUE,24.247906,-81.373604,657.0503,TRUE,TRUE,12.733398,TRUE,TRUE
2896330320,2946727535,0.5708447,0.43589872,37.406044,168.24066,61.234463,TRUE,TRUE,2.9097748,TRUE,TRUE,-37.368095,-73.44217,654.4745,TRUE,TRUE,12.689667,TRUE,TRUE,0.57434446,0.46176264,39.25386,161.02235,58.60722,TRUE,TRUE,3.2788086,TRUE,TRUE,24.226593,-81.34447,656.9299,TRUE,TRUE,12.516006,TRUE,TRUE
2896338653,2946735868,0.57213855,0.43570644,38.08914,168.29434,61.254036,TRUE,TRUE,2.914444,TRUE,TRUE,-37.3938,-73.43444,654.5228,TRUE,TRUE,12.498611,TRUE,TRUE,0.5754288,0.46323282,39.82643,160.61203,58.457924,TRUE,TRUE,3.2677917,TRUE,TRUE,24.20787,-81.33069,656.98157,TRUE,TRUE,12.342712,TRUE,TRUE
2896346987,2946744202,0.57095647,0.4367605,37.465027,168.00015,61.14697,TRUE,TRUE,2.910553,TRUE,TRUE,-37.411583,-73.416504,654.5194,TRUE,TRUE,12.89827,TRUE,TRUE,0.577824,0.45626754,41.09107,162.55597,59.165436,TRUE,TRUE,3.2772827,TRUE,TRUE,24.18556,-81.30647,656.91016,TRUE,TRUE,12.599838,TRUE,TRUE
2896355320,2946752535,0.5705424,0.43839496,37.2464,167.54399,60.980915,TRUE,TRUE,2.9085693,TRUE,TRUE,-37.42948,-73.39143,654.4698,TRUE,TRUE,12.377075,TRUE,TRUE,0.5760116,0.4544326,40.13414,163.06805,59.35186,TRUE,TRUE,3.2679749,TRUE,TRUE,24.162066,-81.28699,656.9358,TRUE,TRUE,13.4687805,TRUE,TRUE
2896363653,2946760868,0.5692514,0.43354505,36.564762,168.89752,61.473587,TRUE,TRUE,2.908371,TRUE,TRUE,-37.455097,-73.38527,654.54016,TRUE,TRUE,12.205933,TRUE,TRUE,0.57505584,0.4579466,39.62947,162.08736,58.99491,TRUE,TRUE,3.270935,TRUE,TRUE,24.146183,-81.27111,656.9865,TRUE,TRUE,12.859528,TRUE,TRUE
2896371987,2946769202,0.5686065,0.43457723,36.22423,168.60947,61.368744,TRUE,TRUE,2.9083862,TRUE,TRUE,-37.47812,-73.37532,654.53735,TRUE,TRUE,12.242477,TRUE,TRUE,0.57499397,0.45855278,39.596817,161.91817,58.933334,TRUE,TRUE,3.278366,TRUE,TRUE,24.12223,-81.265945,657.0365,TRUE,TRUE,12.877609,TRUE,TRUE
2896380320,2946777535,0.571697,0.43721122,37.85604,167.87436,61.101173,TRUE,TRUE,2.9182892,TRUE,TRUE,-37.503742,-73.363014,654.50903,TRUE,TRUE,12.493805,TRUE,TRUE,0.5762767,0.4582119,40.27414,162.0133,58.967926,TRUE,TRUE,3.2687073,TRUE,TRUE,24.098274,-81.24931,657.08514,TRUE,TRUE,12.515823,TRUE,TRUE
2896388653,2946785868,0.5722463,0.43486094,38.146034,168.5303,61.339874,TRUE,TRUE,2.9110413,TRUE,TRUE,-37.534588,-73.351776,654.48193,TRUE,TRUE,13.036636,TRUE,TRUE,0.57703096,0.46202558,40.672363,160.94894,58.580547,TRUE,TRUE,3.2680664,TRUE,TRUE,24.068737,-81.22595,656.9902,TRUE,TRUE,12.705917,TRUE,TRUE
2896396987,2946794202,0.57235396,0.43951964,38.20287,167.23012,60.86669,TRUE,TRUE,2.916092,TRUE,TRUE,-37.562607,-73.35034,654.5274,TRUE,TRUE,12.527954,TRUE,TRUE,0.5772867,0.45648754,40.807404,162.49454,59.14312,TRUE,TRUE,3.2660828,TRUE,TRUE,24.040344,-81.214325,656.9923,TRUE,TRUE,13.012512,TRUE,TRUE
2896405320,2946802535,0.57043207,0.43704987,37.188133,167.91939,61.117584,TRUE,TRUE,2.9064026,TRUE,TRUE,-37.580696,-73.3419,654.4303,TRUE,TRUE,12.341141,TRUE,TRUE,0.5731624,0.46081817,38.629765,161.28593,58.70321,TRUE,TRUE,3.2703857,TRUE,TRUE,24.017712,-81.210205,656.969,TRUE,TRUE,13.206345,TRUE,TRUE
2896413653,2946810868,0.56986153,0.43875355,36.886883,167.44392,60.94451,TRUE,TRUE,2.9148712,TRUE,TRUE,-37.6061,-73.34296,654.49945,TRUE,TRUE,12.431793,TRUE,TRUE,0.57427025,0.45690134,39.214718,162.37909,59.101025,TRUE,TRUE,3.2673492,TRUE,TRUE,23.993633,-81.21068,657.0194,TRUE,TRUE,12.375488,TRUE,TRUE
2896421987,2946819202,0.5707199,0.43864727,37.340115,167.47357,60.95531,TRUE,TRUE,2.9213562,TRUE,TRUE,-37.636986,-73.34684,654.47205,TRUE,TRUE,12.433029,TRUE,TRUE,0.57496786,0.45617074,39.583015,162.583,59.175255,TRUE,TRUE,3.261917,TRUE,TRUE,23.962814,-81.19956,657.02136,TRUE,TRUE,13.098129,TRUE,TRUE
2896430320,2946827535,0.5707452,0.4390387,37.353493,167.36433,60.91554,TRUE,TRUE,2.913391,TRUE,TRUE,-37.672806,-73.34985,654.4679,TRUE,TRUE,12.666931,TRUE,TRUE,0.57792306,0.45875534,41.143394,161.86165,58.912727,TRUE,TRUE,3.269867,TRUE,TRUE,23.930012,-81.197716,656.9491,TRUE,TRUE,12.886948,TRUE,TRUE
2896438653,2946835868,0.5730508,0.4386385,38.570812,167.47603,60.956223,TRUE,TRUE,2.9115448,TRUE,TRUE,-37.701237,-73.35489,654.44147,TRUE,TRUE,12.726303,TRUE,TRUE,0.5757804,0.45817748,40.012047,162.02293,58.971428,TRUE,TRUE,3.2726593,TRUE,TRUE,23.898926,-81.20114,656.976,TRUE,TRUE,12.709427,TRUE,TRUE
2896446987,2946844202,0.5707238,0.4409514,37.342148,166.83054,60.721245,TRUE,TRUE,2.9139862,TRUE,TRUE,-37.72664,-73.35739,654.4395,TRUE,TRUE,11.960083,TRUE,TRUE,0.5754948,0.45796412,39.861267,162.08246,58.993103,TRUE,TRUE,3.2726593,TRUE,TRUE,23.871029,-81.20048,656.95374,TRUE,TRUE,12.301422,TRUE,TRUE
2896455320,2946852535,0.5686724,0.4377815,36.259033,167.7152,61.043232,TRUE,TRUE,2.9114532,TRUE,TRUE,-37.754726,-73.3634,654.5094,TRUE,TRUE,12.955048,TRUE,TRUE,0.57622874,0.46084827,40.24881,161.27753,58.700153,TRUE,TRUE,3.263382,TRUE,TRUE,23.847107,-81.19786,657.00305,TRUE,TRUE,12.222534,TRUE,TRUE
2896463653,2946860869,0.5699823,0.43553084,36.950645,168.34332,61.27187,TRUE,TRUE,2.9026184,TRUE,TRUE,-37.78805,-73.3622,654.45605,TRUE,TRUE,12.0386505,TRUE,TRUE,0.5765008,0.46019077,40.392433,161.461,58.76697,TRUE,TRUE,3.266037,TRUE,TRUE,23.811632,-81.19289,656.95557,TRUE,TRUE,13.418121,TRUE,TRUE
2896471987,2946869203,0.5733466,0.43652582,38.72704,168.06564,61.1708,TRUE,TRUE,2.9130096,TRUE,TRUE,-37.82419,-73.36328,654.40356,TRUE,TRUE,12.606125,TRUE,TRUE,0.57738584,0.4562353,40.85973,162.56497,59.168724,TRUE,TRUE,3.2571564,TRUE,TRUE,23.772913,-81.191376,656.95715,TRUE,TRUE,12.956345,TRUE,TRUE
2896480320,2946877536,0.5708487,0.44307804,37.40813,166.237,60.505226,TRUE,TRUE,2.9228668,TRUE,TRUE,-37.852074,-73.3671,654.40155,TRUE,TRUE,12.705185,TRUE,TRUE,0.5760821,0.45858908,40.17135,161.90805,58.929585,TRUE,TRUE,3.2651215,TRUE,TRUE,23.743107,-81.18771,656.8872,TRUE,TRUE,12.767334,TRUE,TRUE
2896488653,2946885869,0.5693752,0.43569928,36.63012,168.29634,61.254776,TRUE,TRUE,2.910263,TRUE,TRUE,-37.88297,-73.36989,654.4235,TRUE,TRUE,11.993805,TRUE,TRUE,0.5750013,0.45939505,39.600704,161.6831,58.84775,TRUE,TRUE,3.2618408,TRUE,TRUE,23.709229,-81.1874,656.9132,TRUE,TRUE,12.21167,TRUE,TRUE
2896496987,2946894203,0.5692673,0.43656135,36.57312,168.05574,61.16718,TRUE,TRUE,2.9036255,TRUE,TRUE,-37.918873,-73.37567,654.3955,TRUE,TRUE,12.792053,TRUE,TRUE,0.575432,0.46500766,39.828094,160.11671,58.27762,TRUE,TRUE,3.2649994,TRUE,TRUE,23.678001,-81.17856,656.9376,TRUE,TRUE,11.965179,TRUE,TRUE
2896505320,2946902536,0.57134926,0.43937695,37.672432,167.26993,60.88115,TRUE,TRUE,2.9175262,TRUE,TRUE,-37.95989,-73.379776,654.31665,TRUE,TRUE,12.127609,TRUE,TRUE,0.57708997,0.45895582,40.703503,161.8057,58.892365,TRUE,TRUE,3.2651215,TRUE,TRUE,23.634659,-81.17312,656.9198,TRUE,TRUE,12.734802,TRUE,TRUE
2896513653,2946910869,0.57042795,0.43961513,37.185974,167.20345,60.857033,TRUE,TRUE,2.9118652,TRUE,TRUE,-37.99822,-73.3853,654.36194,TRUE,TRUE,12.562881,TRUE,TRUE,0.5768471,0.45719343,40.57528,162.29755,59.071404,TRUE,TRUE,3.2561798,TRUE,TRUE,23.599487,-81.170746,656.8473,TRUE,TRUE,13.093399,TRUE,TRUE
2896521987,2946919203,0.5716211,0.43906122,37.81596,167.35806,60.913235,TRUE,TRUE,2.910553,TRUE,TRUE,-38.036674,-73.381485,654.21063,TRUE,TRUE,13.363403,TRUE,TRUE,0.5797806,0.4574268,42.124134,162.23242,59.047688,TRUE,TRUE,3.2600555,TRUE,TRUE,23.546843,-81.157265,656.7291,TRUE,TRUE,12.661606,TRUE,TRUE
2896530320,2946927536,0.5697131,0.43871883,36.80851,167.45361,60.94805,TRUE,TRUE,2.910614,TRUE,TRUE,-38.07504,-73.40209,654.32837,TRUE,TRUE,12.523666,TRUE,TRUE,0.5749439,0.45785356,39.57042,162.11331,59.004322,TRUE,TRUE,3.2619781,TRUE,TRUE,23.528946,-81.17445,656.9249,TRUE,TRUE,12.720108,TRUE,TRUE
2896538653,2946935869,0.5707149,0.44077858,37.33747,166.87875,60.738792,TRUE,TRUE,2.910019,TRUE,TRUE,-38.11602,-73.401596,654.2765,TRUE,TRUE,12.703415,TRUE,TRUE,0.5753995,0.45705014,39.81095,162.33755,59.085926,TRUE,TRUE,3.2567596,TRUE,TRUE,23.480293,-81.151245,656.73267,TRUE,TRUE,12.162537,TRUE,TRUE
2896546987,2946944203,0.5706755,0.4350719,37.316647,168.47144,61.318474,TRUE,TRUE,2.9066315,TRUE,TRUE,-38.15208,-73.41321,654.2726,TRUE,TRUE,12.802322,TRUE,TRUE,0.57467914,0.4592309,39.43058,161.72893,58.86444,TRUE,TRUE,3.259491,TRUE,TRUE,23.446161,-81.1554,656.7833,TRUE,TRUE,12.779236,TRUE,TRUE
2896555320,2946952536,0.5680304,0.4341492,35.92007,168.72893,61.412273,TRUE,TRUE,2.9083557,TRUE,TRUE,-38.185257,-73.41103,654.2457,TRUE,TRUE,12.476944,TRUE,TRUE,0.57727075,0.45979315,40.798977,161.57199,58.807304,TRUE,TRUE,3.258728,TRUE,TRUE,23.40155,-81.136444,656.66534,TRUE,TRUE,12.481735,TRUE,TRUE
2896563653,2946960869,0.57167274,0.4378664,37.843224,167.69151,61.034637,TRUE,TRUE,2.9105682,TRUE,TRUE,-38.226334,-73.410904,654.24207,TRUE,TRUE,12.88446,TRUE,TRUE,0.57770056,0.4609198,41.02591,161.25757,58.692894,TRUE,TRUE,3.257782,TRUE,TRUE,23.37946,-81.141495,656.7627,TRUE,TRUE,12.745651,TRUE,TRUE
2896571987,2946969203,0.57078636,0.43928677,37.375217,167.2951,60.89039,TRUE,TRUE,2.9096832,TRUE,TRUE,-38.262154,-73.415726,654.23816,TRUE,TRUE,12.288712,TRUE,TRUE,0.5768591,0.460638,40.581623,161.33623,58.72149,TRUE,TRUE,3.2555847,TRUE,TRUE,23.339245,-81.14091,656.6937,TRUE,TRUE,13.513458,TRUE,TRUE
2896580320,2946977536,0.57047445,0.4327452,37.21055,169.12074,61.5549,TRUE,TRUE,2.9107819,TRUE,TRUE,-38.29292,-73.41468,654.18604,TRUE,TRUE,12.4028015,TRUE,TRUE,0.5742742,0.4550092,39.216766,162.90715,59.29328,TRUE,TRUE,3.2557678,TRUE,TRUE,23.309563,-81.13443,656.62085,TRUE,TRUE,12.810471,TRUE,TRUE
2896588653,2946985869,0.5696038,0.43345642,36.75084,168.92226,61.48261,TRUE,TRUE,2.9061584,TRUE,TRUE,-38.31855,-73.41622,654.15955,TRUE,TRUE,12.325745,TRUE,TRUE,0.57777536,0.45665532,41.065403,162.44772,59.126034,TRUE,TRUE,3.2613525,TRUE,TRUE,23.262909,-81.12605,656.4542,TRUE,TRUE,12.36644,TRUE,TRUE
2896596987,2946994204,0.5690156,0.44038123,36.44027,166.98967,60.77913,TRUE,TRUE,2.909729,TRUE,TRUE,-38.346554,-73.41141,654.1561,TRUE,TRUE,12.508133,TRUE,TRUE,0.57646257,0.45668927,40.37224,162.43825,59.122604,TRUE,TRUE,3.2590942,TRUE,TRUE,23.260796,-81.13989,656.76886,TRUE,TRUE,12.911209,TRUE,TRUE
2896605320,2947002537,0.5710803,0.43573016,37.53044,168.28772,61.25161,TRUE,TRUE,2.9137726,TRUE,TRUE,-38.379986,-73.41017,654.178,TRUE,TRUE,12.373627,TRUE,TRUE,0.5770045,0.46063644,40.658363,161.33667,58.721615,TRUE,TRUE,3.2632294,TRUE,TRUE,23.227005,-81.12471,656.62573,TRUE,TRUE,12.900101,TRUE,TRUE
2896613653,2947010870,0.57254416,0.4370283,38.303345,167.92542,61.11979,TRUE,TRUE,2.9156342,TRUE,TRUE,-38.408188,-73.4193,654.2221,TRUE,TRUE,12.220871,TRUE,TRUE,0.57931125000000006,0.45901823,41.87635,161.78827,58.886047,TRUE,TRUE,3.2646637,TRUE,TRUE,23.203445,-81.12458,656.626,TRUE,TRUE,12.50885,TRUE,TRUE
2896621987,2947019204,0.57197595,0.43672985,38.00333,168.0087,61.150085,TRUE,TRUE,2.9157867,TRUE,TRUE,-38.426083,-73.419426,654.172,TRUE,TRUE,12.937988,TRUE,TRUE,0.5758825,0.4585946,40.065956,161.9065,58.929085,TRUE,TRUE,3.266449,TRUE,TRUE,23.184017,-81.11575,656.5797,TRUE,TRUE,12.550049,TRUE,TRUE
2896630320,2947027537,0.57104874,0.4385484,37.513744,167.50117,60.965355,TRUE,TRUE,2.9156036,TRUE,TRUE,-38.441334,-73.42168,654.1457,TRUE,TRUE,12.992371,TRUE,TRUE,0.5771969,0.4583977,40.759968,161.96146,58.94906,TRUE,TRUE,3.27034,TRUE,TRUE,23.16356,-81.11215,656.5571,TRUE,TRUE,12.07135,TRUE,TRUE
2896638653,2947035870,0.57035685,0.43471265,37.148434,168.57167,61.35503,TRUE,TRUE,2.9026947,TRUE,TRUE,-38.456715,-73.42241,654.1211,TRUE,TRUE,12.372452,TRUE,TRUE,0.5766682,0.4577322,40.480816,162.14719,59.016678,TRUE,TRUE,3.2665253,TRUE,TRUE,23.152575,-81.110535,656.6057,TRUE,TRUE,12.964722,TRUE,TRUE
2896646987,2947044204,0.5705309,0.4380965,37.24032,167.6273,61.01122,TRUE,TRUE,2.9087067,TRUE,TRUE,-38.466846,-73.42259,654.046,TRUE,TRUE,12.518997,TRUE,TRUE,0.57388955,0.46026173,39.013695,161.44125,58.75968,TRUE,TRUE,3.2704926,TRUE,TRUE,23.14032,-81.10286,656.58276,TRUE,TRUE,12.1474,TRUE,TRUE
2896655320,2947052537,0.5697966,0.43622446,36.85264,168.14975,61.20146,TRUE,TRUE,2.9103088,TRUE,TRUE,-38.479767,-73.42997,654.021,TRUE,TRUE,12.144852,TRUE,TRUE,0.57846713,0.45655516,41.43066,162.47568,59.136246,TRUE,TRUE,3.2575226,TRUE,TRUE,23.126213,-81.10729,656.6292,TRUE,TRUE,13.048782,TRUE,TRUE
2896663653,2947060870,0.57170004,0.43964577,37.857624,167.19489,60.853897,TRUE,TRUE,2.9188995,TRUE,TRUE,-38.492535,-73.43689,654.0205,TRUE,TRUE,12.581833,TRUE,TRUE,0.57600814,0.46118456,40.13231,161.18367,58.66601,TRUE,TRUE,3.2740173,TRUE,TRUE,23.116318,-81.10857,656.6321,TRUE,TRUE,12.253784,TRUE,TRUE
2896671987,2947069204,0.570959,0.4400962,37.466366,167.0692,60.808083,TRUE,TRUE,2.9175415,TRUE,TRUE,-38.507767,-73.44546,654.0418,TRUE,TRUE,12.240402,TRUE,TRUE,0.57725525,0.45830256,40.79077,161.988,58.958755,TRUE,TRUE,3.2602081,TRUE,TRUE,23.10659,-81.107834,656.58435,TRUE,TRUE,12.647827,TRUE,TRUE
2896680320,2947077537,0.5733994,0.4345778,38.754913,168.60931,61.368713,TRUE,TRUE,2.9190216,TRUE,TRUE,-38.52339,-73.457016,654.0411,TRUE,TRUE,13.02356,TRUE,TRUE,0.575421,0.45747307,39.822304,162.2195,59.043007,TRUE,TRUE,3.2668457,TRUE,TRUE,23.096342,-81.11354,656.5835,TRUE,TRUE,12.7725525,TRUE,TRUE
2896688653,2947085870,0.57370996,0.4384694,38.918873,167.52321,60.97339,TRUE,TRUE,2.9146118,TRUE,TRUE,-38.530933,-73.46555,654.0132,TRUE,TRUE,12.175537,TRUE,TRUE,0.57455266,0.46269912,39.363792,160.76099,58.512093,TRUE,TRUE,3.2827454,TRUE,TRUE,23.086384,-81.119736,656.55994,TRUE,TRUE,12.594055000000001,TRUE,TRUE
2896696987,2947094204,0.5723462,0.4399581,38.198807,167.10773,60.822163,TRUE,TRUE,2.9120636,TRUE,TRUE,-38.541203,-73.47665,654.0879,TRUE,TRUE,12.190277,TRUE,TRUE,0.57747304,0.45846364,40.905785,161.94305,58.942383,TRUE,TRUE,3.2676697,TRUE,TRUE,23.076717,-81.121475,656.51294,TRUE,TRUE,13.369507,TRUE,TRUE
2896705320,2947102537,0.5709622,0.43922248,37.468067,167.31305,60.896873,TRUE,TRUE,2.9140625,TRUE,TRUE,-38.546318,-73.484566,654.08777,TRUE,TRUE,12.592331,TRUE,TRUE,0.577086,0.4630347,40.701427,160.66733,58.478027,TRUE,TRUE,3.2880554,TRUE,TRUE,23.067242,-81.12085,656.4663,TRUE,TRUE,12.869949,TRUE,TRUE
2896713653,2947110870,0.5710561,0.43946183,37.517647,167.24625,60.872574,TRUE,TRUE,2.916748,TRUE,TRUE,-38.55405,-73.49278,654.11145,TRUE,TRUE,12.331116,TRUE,TRUE,0.5753769,0.45987326,39.799026,161.54964,58.799187,TRUE,TRUE,3.269165,TRUE,TRUE,23.061531,-81.12654,656.5151,TRUE,TRUE,12.571411,TRUE,TRUE
2896721987,2947119204,0.57150805,0.4378805,37.756233,167.68758,61.033215,TRUE,TRUE,2.9129791,TRUE,TRUE,-38.56687,-73.50061,654.1562,TRUE,TRUE,12.773636,TRUE,TRUE,0.5774727,0.4582616,40.905556,161.99945,58.96286,TRUE,TRUE,3.274353,TRUE,TRUE,23.054033,-81.12165,656.48926,TRUE,TRUE,13.3033905,TRUE,TRUE
2896730320,2947127537,0.570223,0.43599343,37.07773,168.21423,61.22487,TRUE,TRUE,2.914093,TRUE,TRUE,-38.566917,-73.50178,654.10956,TRUE,TRUE,12.015228,TRUE,TRUE,0.5755089,0.46053582,39.868687,161.36473,58.731846,TRUE,TRUE,3.269104,TRUE,TRUE,23.051506,-81.126816,656.48975,TRUE,TRUE,12.559326,TRUE,TRUE
2896738653,2947135871,0.5710609,0.44366252,37.520138,166.07388,60.44585,TRUE,TRUE,2.9237823,TRUE,TRUE,-38.571846,-73.50795,654.15515,TRUE,TRUE,12.13945,TRUE,TRUE,0.57617426,0.4610784,40.22005,161.21329,58.67678,TRUE,TRUE,3.2827454,TRUE,TRUE,23.046928,-81.1265,656.4418,TRUE,TRUE,11.640091,TRUE,TRUE
2896746987,2947144205,0.57073003,0.4389452,37.34549,167.39041,60.925053,TRUE,TRUE,2.910843,TRUE,TRUE,-38.57194,-73.50854,654.1558,TRUE,TRUE,12.103378,TRUE,TRUE,0.57822764,0.45948017,41.304222,161.65936,58.839127,TRUE,TRUE,3.2718353,TRUE,TRUE,23.046635,-81.1239,656.46655,TRUE,TRUE,12.850067,TRUE,TRUE
2896755320,2947152538,0.57024866,0.44223526,37.0913,166.4722,60.590824,TRUE,TRUE,2.914734,TRUE,TRUE,-38.571945,-73.51373,654.15674,TRUE,TRUE,11.947266,TRUE,TRUE,0.5762849,0.45897043,40.27841,161.8016,58.890892,TRUE,TRUE,3.2848969,TRUE,TRUE,23.049562,-81.12532,656.441,TRUE,TRUE,12.393051,TRUE,TRUE
2896763653,2947160871,0.5707081,0.44015285,37.333874,167.0534,60.802372,TRUE,TRUE,2.916916,TRUE,TRUE,-38.569336,-73.51292,654.1329,TRUE,TRUE,12.277374,TRUE,TRUE,0.57717156,0.46384674,40.74661,160.44067,58.395542,TRUE,TRUE,3.2941895,TRUE,TRUE,23.056889,-81.13136,656.46545,TRUE,TRUE,13.013412,TRUE,TRUE
2896771987,2947169205,0.5715124,0.44408768,37.75856,165.95523,60.40264,TRUE,TRUE,2.918579,TRUE,TRUE,-38.564198,-73.51722,654.1561,TRUE,TRUE,12.040604,TRUE,TRUE,0.57791406,0.4603629,41.138634,161.41298,58.74945,TRUE,TRUE,3.2776642,TRUE,TRUE,23.062761,-81.13187,656.41644,TRUE,TRUE,12.369522,TRUE,TRUE
2896780320,2947177538,0.57171077,0.4446084,37.863297,165.8099,60.349762,TRUE,TRUE,2.907318,TRUE,TRUE,-38.559063,-73.516815,654.159,TRUE,TRUE,13.062881,TRUE,TRUE,0.5763827,0.46148515,40.33007,161.0998,58.63544,TRUE,TRUE,3.2781067,TRUE,TRUE,23.075188,-81.14368,656.4395,TRUE,TRUE,12.921234,TRUE,TRUE
2896788653,2947185871,0.57140964,0.4417972,37.704292,166.59448,60.635307,TRUE,TRUE,2.91951,TRUE,TRUE,-38.53849,-73.51405,654.0133,TRUE,TRUE,12.649658,TRUE,TRUE,0.5780975,0.45699996,41.23551,162.35156,59.09104,TRUE,TRUE,3.2820892,TRUE,TRUE,23.0881,-81.14281,656.4397,TRUE,TRUE,12.243378,TRUE,TRUE
2896796987,2947194205,0.5724104,0.43962893,38.232697,167.19963,60.855534,TRUE,TRUE,2.9190826,TRUE,TRUE,-38.523186,-73.510056,653.99,TRUE,TRUE,12.457428,TRUE,TRUE,0.5768181,0.45488816,40.559975,162.94092,59.305588,TRUE,TRUE,3.2759094,TRUE,TRUE,23.105923,-81.14363,656.4625,TRUE,TRUE,12.853668,TRUE,TRUE
2896805320,2947202538,0.57090366,0.43852776,37.43717,167.50693,60.96747,TRUE,TRUE,2.9189453,TRUE,TRUE,-38.502808,-73.51235,653.9945,TRUE,TRUE,12.978165,TRUE,TRUE,0.57856977,0.45978534,41.48484,161.57417,58.808144,TRUE,TRUE,3.2796783,TRUE,TRUE,23.118797,-81.1198,656.29236,TRUE,TRUE,13.370361,TRUE,TRUE
2896813653,2947210871,0.5720502,0.43976453,38.042526,167.16174,60.84185,TRUE,TRUE,2.9262848,TRUE,TRUE,-38.485016,-73.51065,653.9719,TRUE,TRUE,12.512955,TRUE,TRUE,0.58172333,0.4604771,43.149925,161.38113,58.737843,TRUE,TRUE,3.2763367,TRUE,TRUE,23.12669,-81.11853,656.2681,TRUE,TRUE,12.706833,TRUE,TRUE
2896821987,2947219205,0.57122475,0.437862,37.60666,167.69275,61.035072,TRUE,TRUE,2.9215546,TRUE,TRUE,-38.46174,-73.49511,653.97424,TRUE,TRUE,12.135025,TRUE,TRUE,0.5780038,0.45755494,41.186035,162.19666,59.03472,TRUE,TRUE,3.2868958,TRUE,TRUE,23.160995,-81.12711,656.3866,TRUE,TRUE,12.088806,TRUE,TRUE
2896830320,2947227538,0.5718218,0.44348478,37.92192,166.1235,60.463882,TRUE,TRUE,2.9313354,TRUE,TRUE,-38.441338,-73.48902,654.00134,TRUE,TRUE,12.618759,TRUE,TRUE,0.5765519,0.46325535,40.419426,160.60573,58.455635,TRUE,TRUE,3.2912292,TRUE,TRUE,23.179428,-81.11879,656.363,TRUE,TRUE,13.093628,TRUE,TRUE
2896838653,2947235871,0.5717703,0.43888545,37.894707,167.40712,60.93111,TRUE,TRUE,2.9266968,TRUE,TRUE,-38.423523,-73.475685,654.0514,TRUE,TRUE,12.5686035,TRUE,TRUE,0.5766697,0.46123117,40.48163,161.17065,58.661263,TRUE,TRUE,3.2917786000000002,TRUE,TRUE,23.199986,-81.11087,656.36,TRUE,TRUE,12.752197,TRUE,TRUE
2896846987,2947244205,0.57280225,0.43848145,38.439594,167.51984,60.972145,TRUE,TRUE,2.93013,TRUE,TRUE,-38.402954,-73.45957,654.0028,TRUE,TRUE,12.370773,TRUE,TRUE,0.57840985,0.45773995,41.40042,162.14505,59.015896,TRUE,TRUE,3.2798615,TRUE,TRUE,23.225777,-81.09854,656.35913,TRUE,TRUE,12.1957245,TRUE,TRUE
2896855320,2947252538,0.5729036,0.44092453,38.493084,166.83801,60.724022,TRUE,TRUE,2.9288635,TRUE,TRUE,-38.37732,-73.44415,653.9824,TRUE,TRUE,12.965973,TRUE,TRUE,0.5762495,0.45743617,40.259754,162.22983,59.0467,TRUE,TRUE,3.288742,TRUE,TRUE,23.251919,-81.099,656.3324,TRUE,TRUE,12.916687,TRUE,TRUE
2896863653,2947260871,0.5723623,0.44012207,38.207306,167.06197,60.805504,TRUE,TRUE,2.9356232,TRUE,TRUE,-38.34915,-73.424,653.9373,TRUE,TRUE,11.974045,TRUE,TRUE,0.5767386,0.46178538,40.517944,161.01602,58.604908,TRUE,TRUE,3.2870636,TRUE,TRUE,23.27444,-81.08752,656.3813,TRUE,TRUE,12.983597,TRUE,TRUE
2896871987,2947269205,0.5710586,0.43900174,37.518944,167.37463,60.919327,TRUE,TRUE,2.9336548,TRUE,TRUE,-38.326183,-73.409584,653.86774,TRUE,TRUE,12.347488,TRUE,TRUE,0.57642657,0.46352476,40.35322,160.53055,58.42828,TRUE,TRUE,3.2792053,TRUE,TRUE,23.292332,-81.08576,656.37933,TRUE,TRUE,13.169266,TRUE,TRUE
2896880320,2947277539,0.5723933,0.44004145,38.22366,167.08449,60.813675,TRUE,TRUE,2.9351044,TRUE,TRUE,-38.31093,-73.40795,653.943,TRUE,TRUE,12.183594,TRUE,TRUE,0.5779058,0.45844778,41.134254,161.94748,58.94395,TRUE,TRUE,3.2836304,TRUE,TRUE,23.305939,-81.07448,656.3304,TRUE,TRUE,12.508255,TRUE,TRUE
2896888653,2947285872,0.5706454,0.43659616,37.300766,168.04602,61.16368,TRUE,TRUE,2.9292603,TRUE,TRUE,-38.297985,-73.40425,654.01355,TRUE,TRUE,12.477798,TRUE,TRUE,0.5794649,0.45872724,41.957466,161.86948,58.91561,TRUE,TRUE,3.2922516,TRUE,TRUE,23.319149,-81.06526,656.30634,TRUE,TRUE,13.0729065,TRUE,TRUE
2896896987,2947294206,0.5762735,0.443588,40.27242,166.09467,60.453445,TRUE,TRUE,2.9394836,TRUE,TRUE,-38.285095,-73.3692,653.77246,TRUE,TRUE,12.517197,TRUE,TRUE,0.5777712,0.45575967,41.06317,162.6977,59.217003,TRUE,TRUE,3.2901306,TRUE,TRUE,23.333084,-81.053604000000007,656.2312,TRUE,TRUE,12.945328,TRUE,TRUE
2896905320,2947302539,0.57127625,0.43947634,37.63386,167.2422,60.871105,TRUE,TRUE,2.939392,TRUE,TRUE,-38.26987,-73.38935,653.9945,TRUE,TRUE,12.635437,TRUE,TRUE,0.5771252,0.45726538,40.722107,162.27748,59.064087,TRUE,TRUE,3.2879944,TRUE,TRUE,23.355669,-81.04794,656.2805,TRUE,TRUE,12.516144,TRUE,TRUE
2896913653,2947310872,0.57293934,0.44004515,38.511963,167.08347,60.81328,TRUE,TRUE,2.9366302,TRUE,TRUE,-38.259785,-73.386345,654.01996,TRUE,TRUE,13.081268,TRUE,TRUE,0.5762858,0.46001524,40.278923,161.51001,58.78475,TRUE,TRUE,3.2926025,TRUE,TRUE,23.373856,-81.04237,656.27856,TRUE,TRUE,13.113983,TRUE,TRUE
2896921987,2947319206,0.57322025,0.44156176,38.660316,166.66019,60.659233,TRUE,TRUE,2.9323578,TRUE,TRUE,-38.246822,-73.37898,653.973,TRUE,TRUE,12.229675,TRUE,TRUE,0.5773592,0.46002695,40.845657,161.50674,58.78358,TRUE,TRUE,3.2975311,TRUE,TRUE,23.386219,-81.04398,656.3019,TRUE,TRUE,11.951218,TRUE,TRUE
2896930320,2947327539,0.5732361,0.43782568,38.668655,167.70288,61.038757,TRUE,TRUE,2.937912,TRUE,TRUE,-38.234215,-73.37836,653.9495,TRUE,TRUE,12.99115,TRUE,TRUE,0.57606363,0.46173438,40.161602,161.03023,58.61011,TRUE,TRUE,3.2979584,TRUE,TRUE,23.400463,-81.0524,656.37244,TRUE,TRUE,12.97467,TRUE,TRUE
2896938653,2947335872,0.57407856,0.44058812,39.113476,166.93193,60.758163,TRUE,TRUE,2.9430084,TRUE,TRUE,-38.22391,-73.3786,653.9995,TRUE,TRUE,12.148407,TRUE,TRUE,0.57806206,0.45812184,41.216805,162.03842,58.977127,TRUE,TRUE,3.2918396,TRUE,TRUE,23.413269,-81.04818,656.37317,TRUE,TRUE,12.214401,TRUE,TRUE
2896946987,2947344206,0.57279265,0.4431225,38.43453,166.2246,60.500694,TRUE,TRUE,2.9491424999999998,TRUE,TRUE,-38.21101,-73.37114,653.95276,TRUE,TRUE,12.617981,TRUE,TRUE,0.5792775,0.45952877,41.858536,161.64578,58.834175,TRUE,TRUE,3.2917938,TRUE,TRUE,23.420797,-81.048645,656.3718,TRUE,TRUE,11.662537,TRUE,TRUE
2896955320,2947352539,0.5713632,0.44120705,37.67981,166.75919,60.69526,TRUE,TRUE,2.9401398,TRUE,TRUE,-38.2033,-73.37749,654.0005,TRUE,TRUE,12.479599,TRUE,TRUE,0.5790106,0.46054894,41.717625,161.36108,58.730522,TRUE,TRUE,3.2961273,TRUE,TRUE,23.435646,-81.04858,656.419,TRUE,TRUE,12.782211,TRUE,TRUE
2896963653,2947360872,0.57205725,0.44395798,38.04625,165.9914,60.415905,TRUE,TRUE,2.9442902,TRUE,TRUE,-38.190502,-73.37662,654.00305,TRUE,TRUE,12.599655,TRUE,TRUE,0.5766055,0.45968542,40.44773,161.60207,58.818245,TRUE,TRUE,3.3030396,TRUE,TRUE,23.442085,-81.04464,656.3457,TRUE,TRUE,12.952591,TRUE,TRUE
2896971987,2947369206,0.5717356,0.4392298,37.876423,167.31097,60.896202,TRUE,TRUE,2.9411469,TRUE,TRUE,-38.180332,-73.37179,654.0293,TRUE,TRUE,12.8007965,TRUE,TRUE,0.5803851,0.461388,42.443363,161.12689,58.6453,TRUE,TRUE,3.305954,TRUE,TRUE,23.451435,-81.04555,656.3943,TRUE,TRUE,12.322968,TRUE,TRUE
2896980320,2947377539,0.57340497,0.4397397,38.75782,167.16867,60.844376,TRUE,TRUE,2.9367218,TRUE,TRUE,-38.172768,-73.37799,654.0779,TRUE,TRUE,12.457794,TRUE,TRUE,0.5799386,0.45897996,42.207577,161.79895,58.889915,TRUE,TRUE,3.300949,TRUE,TRUE,23.457577,-81.043274,656.3202,TRUE,TRUE,13.357086,TRUE,TRUE
2896988653,2947385872,0.5721356,0.437532,38.08764,167.78485,61.06858,TRUE,TRUE,2.945633,TRUE,TRUE,-38.159924,-73.37925,654.03125,TRUE,TRUE,12.044952,TRUE,TRUE,0.57997215,0.46216506,42.22528,160.91003,58.566353,TRUE,TRUE,3.3025208,TRUE,TRUE,23.467964,-81.049416,656.31995,TRUE,TRUE,12.696014,TRUE,TRUE
2896996987,2947394206,0.574126,0.44387835,39.138535,166.01363,60.423943,TRUE,TRUE,2.9422607,TRUE,TRUE,-38.157257,-73.368484,653.9827,TRUE,TRUE,12.821259,TRUE,TRUE,0.57859373,0.46071815,41.497505,161.31384,58.71335,TRUE,TRUE,3.3052368,TRUE,TRUE,23.478933,-81.04681,656.2977,TRUE,TRUE,12.697845,TRUE,TRUE
2897005320,2947402539,0.57324743,0.44485897,38.674618,165.73996,60.324333,TRUE,TRUE,2.9451904,TRUE,TRUE,-38.14701,-73.36111,653.9363,TRUE,TRUE,11.9856415,TRUE,TRUE,0.57942665,0.45994985,41.937294,161.52829,58.791367,TRUE,TRUE,3.2950592,TRUE,TRUE,23.498598,-81.05155,656.34344,TRUE,TRUE,11.990646,TRUE,TRUE
2897013653,2947410872,0.57211673,0.44275558,38.07765,166.32701,60.53793,TRUE,TRUE,2.9534607,TRUE,TRUE,-38.14441,-73.37732,654.1776,TRUE,TRUE,12.480316,TRUE,TRUE,0.57748824,0.45999113,40.9138,161.51674,58.78723,TRUE,TRUE,3.3022919,TRUE,TRUE,23.51691,-81.0449,656.34314,TRUE,TRUE,12.732925,TRUE,TRUE
2897021987,2947419207,0.57192403,0.44409823,37.975903,165.95226,60.401604,TRUE,TRUE,2.9470825,TRUE,TRUE,-38.123657,-73.36876,654.07837,TRUE,TRUE,12.444122,TRUE,TRUE,0.57726985,0.45905456,40.798523,161.77814,58.88235,TRUE,TRUE,3.3022308,TRUE,TRUE,23.529158,-81.057846,656.36664,TRUE,TRUE,13.318329,TRUE,TRUE
2897030320,2947427540,0.5708109,0.44015145,37.388184,167.05379,60.802494,TRUE,TRUE,2.9501648,TRUE,TRUE,-38.12375,-73.36955,654.15375,TRUE,TRUE,12.083893,TRUE,TRUE,0.57834,0.45771843,41.363544,162.15103,59.018074,TRUE,TRUE,3.3062286,TRUE,TRUE,23.550179,-81.07184,656.5102,TRUE,TRUE,12.3750305,TRUE,TRUE
2897038653,2947435873,0.5734668,0.44529045,38.79045,165.61955,60.280464,TRUE,TRUE,2.944168,TRUE,TRUE,-38.11606,-73.36919,654.15594,TRUE,TRUE,12.38031,TRUE,TRUE,0.5769185,0.45583007,40.61297,162.67804,59.2099,TRUE,TRUE,3.3076477,TRUE,TRUE,23.568989,-81.07809,656.6299,TRUE,TRUE,12.25029,TRUE,TRUE
2897046987,2947444207,0.57392883,0.44726974,39.03443,165.06711,60.079483,TRUE,TRUE,2.9423828,TRUE,TRUE,-38.100643,-73.361176,654.18207,TRUE,TRUE,11.746704,TRUE,TRUE,NA,NA,NA,NA,NA,FALSE,TRUE,NA,FALSE,TRUE,NA,NA,NA,FALSE,TRUE,11.809174,TRUE,TRUE
2897055320,2947452540,0.55918485,0.44729987,31.249596,165.05875,60.076355,TRUE,TRUE,2.8952637,TRUE,TRUE,-38.102215,-73.324265,654.4966,TRUE,TRUE,10.819168,TRUE,TRUE,NA,NA,NA,NA,NA,FALSE,TRUE,NA,FALSE,TRUE,NA,NA,NA,FALSE,TRUE,10.339752,TRUE,TRUE
2897063653,2947460873,NA,NA,NA,NA,NA,FALSE,TRUE,NA,FALSE,TRUE,NA,NA,NA,FALSE,TRUE,9.87233,TRUE,TRUE,NA,NA,NA,NA,NA,FALSE,TRUE,NA,FALSE,TRUE,NA,NA,NA,FALSE,TRUE,8.820114,TRUE,TRUE
2897071987,2947469207,NA,NA,NA,NA,NA,FALSE,TRUE,NA,FALSE,TRUE,NA,NA,NA,FALSE,TRUE,7.685257,TRUE,TRUE,NA,NA,NA,NA,NA,FALSE,TRUE,NA,FALSE,TRUE,NA,NA,NA,FALSE,TRUE,7.329773,TRUE,TRUE
2897080320,2947477540,NA,NA,NA,NA,NA,FALSE,TRUE,NA,FALSE,TRUE,NA,NA,NA,FALSE,TRUE,6.852173,TRUE,TRUE,NA,NA,NA,NA,NA,FALSE,TRUE,NA,FALSE,TRUE,NA,NA,NA,FALSE,TRUE,5.115265,TRUE,TRUE
2897088653,2947485873,NA,NA,NA,NA,NA,FALSE,TRUE,NA,FALSE,TRUE,NA,NA,NA,FALSE,TRUE,5.411728,TRUE,TRUE,NA,NA,NA,NA,NA,FALSE,TRUE,NA,FALSE,TRUE,NA,NA,NA,FALSE,TRUE,3.842987,TRUE,TRUE
2897096987,2947494207,NA,NA,NA,NA,NA,FALSE,TRUE,NA,FALSE,TRUE,NA,NA,NA,FALSE,TRUE,4.156418,TRUE,TRUE,NA,NA,NA,NA,NA,FALSE,TRUE,NA,FALSE,TRUE,NA,NA,NA,FALSE,TRUE,2.0385895,TRUE,TRUE
2897105320,2947502540,NA,NA,NA,NA,NA,FALSE,TRUE,NA,FALSE,TRUE,NA,NA,NA,FALSE,TRUE,3.4477386,TRUE,TRUE,NA,NA,NA,NA,NA,FALSE,TRUE,NA,FALSE,TRUE,NA,NA,NA,FALSE,TRUE,1.478302,TRUE,TRUE
2897113653,2947510873,NA,NA,NA,NA,NA,FALSE,TRUE,NA,FALSE,TRUE,NA,NA,NA,FALSE,TRUE,3.3899536,TRUE,TRUE,NA,NA,NA,NA,NA,FALSE,TRUE,NA,FALSE,TRUE,NA,NA,NA,FALSE,TRUE,1.5781097,TRUE,TRUE
2897121987,2947519207,NA,NA,NA,NA,NA,FALSE,TRUE,NA,FALSE,TRUE,NA,NA,NA,FALSE,TRUE,2.863388,TRUE,TRUE,NA,NA,NA,NA,NA,FALSE,TRUE,NA,FALSE,TRUE,NA,NA,NA,FALSE,TRUE,1.615097,TRUE,TRUE
2897130320,2947527540,NA,NA,NA,NA,NA,FALSE,TRUE,NA,FALSE,TRUE,NA,NA,NA,FALSE,TRUE,3.157547,TRUE,TRUE,NA,NA,NA,NA,NA,FALSE,TRUE,NA,FALSE,TRUE,NA,NA,NA,FALSE,TRUE,1.2056274,TRUE,TRUE
2897138653,2947535873,NA,NA,NA,NA,NA,FALSE,TRUE,NA,FALSE,TRUE,NA,NA,NA,FALSE,TRUE,2.7924652,TRUE,TRUE,NA,NA,NA,NA,NA,FALSE,TRUE,NA,FALSE,TRUE,NA,NA,NA,FALSE,TRUE,1.4543304,TRUE,TRUE
2897146987,2947544207,NA,NA,NA,NA,NA,FALSE,TRUE,NA,FALSE,TRUE,NA,NA,NA,FALSE,TRUE,1.8862762,TRUE,TRUE,NA,NA,NA,NA,NA,FALSE,TRUE,NA,FALSE,TRUE,NA,NA,NA,FALSE,TRUE,0.82077026,TRUE,TRUE
2897155320,2947552541,NA,NA,NA,NA,NA,FALSE,TRUE,NA,FALSE,TRUE,NA,NA,NA,FALSE,TRUE,2.198471,TRUE,TRUE,NA,NA,NA,NA,NA,FALSE,TRUE,NA,FALSE,TRUE,NA,NA,NA,FALSE,TRUE,1.7327118,TRUE,TRUE
2897163653,2947560874,NA,NA,NA,NA,NA,FALSE,TRUE,NA,FALSE,TRUE,NA,NA,NA,FALSE,TRUE,3.5589905,TRUE,TRUE,NA,NA,NA,NA,NA,FALSE,TRUE,NA,FALSE,TRUE,NA,NA,NA,FALSE,TRUE,2.230774,TRUE,TRUE
2897171987,2947569208,NA,NA,NA,NA,NA,FALSE,TRUE,NA,FALSE,TRUE,NA,NA,NA,FALSE,TRUE,4.347687,TRUE,TRUE,NA,NA,NA,NA,NA,FALSE,TRUE,NA,FALSE,TRUE,NA,NA,NA,FALSE,TRUE,3.7547607,TRUE,TRUE
2897180320,2947577541,NA,NA,NA,NA,NA,FALSE,TRUE,NA,FALSE,TRUE,NA,NA,NA,FALSE,TRUE,4.858322,TRUE,TRUE,NA,NA,NA,NA,NA,FALSE,TRUE,NA,FALSE,TRUE,NA,NA,NA,FALSE,TRUE,5.1183167,TRUE,TRUE
2897188653,2947585874,NA,NA,NA,NA,NA,FALSE,TRUE,NA,FALSE,TRUE,NA,NA,NA,FALSE,TRUE,5.4279327,TRUE,TRUE,NA,NA,NA,NA,NA,FALSE,TRUE,NA,FALSE,TRUE,NA,NA,NA,FALSE,TRUE,5.630295,TRUE,TRUE
2897196987,2947594208,NA,NA,NA,NA,NA,FALSE,TRUE,NA,FALSE,TRUE,NA,NA,NA,FALSE,TRUE,7.0299377,TRUE,TRUE,NA,NA,NA,NA,NA,FALSE,TRUE,NA,FALSE,TRUE,NA,NA,NA,FALSE,TRUE,7.1458282,TRUE,TRUE
2897205320,2947602541,NA,NA,NA,NA,NA,FALSE,TRUE,NA,FALSE,TRUE,NA,NA,NA,FALSE,TRUE,7.627182,TRUE,TRUE,NA,NA,NA,NA,NA,FALSE,TRUE,NA,FALSE,TRUE,NA,NA,NA,FALSE,TRUE,7.5443726,TRUE,TRUE
2897213653,2947610874,NA,NA,NA,NA,NA,FALSE,TRUE,NA,FALSE,TRUE,NA,NA,NA,FALSE,TRUE,9.057785,TRUE,TRUE,NA,NA,NA,NA,NA,FALSE,TRUE,NA,FALSE,TRUE,NA,NA,NA,FALSE,TRUE,7.7540894,TRUE,TRUE
2897221987,2947619208,NA,NA,NA,NA,NA,FALSE,TRUE,NA,FALSE,TRUE,NA,NA,NA,FALSE,TRUE,9.849243,TRUE,TRUE,NA,NA,NA,NA,NA,FALSE,TRUE,NA,FALSE,TRUE,NA,NA,NA,FALSE,TRUE,8.684784,TRUE,TRUE
2897230320,2947627541,NA,NA,NA,NA,NA,FALSE,TRUE,NA,FALSE,TRUE,NA,NA,NA,FALSE,TRUE,9.833878,TRUE,TRUE,NA,NA,NA,NA,NA,FALSE,TRUE,NA,FALSE,TRUE,NA,NA,NA,FALSE,TRUE,9.389786,TRUE,TRUE
2897238653,2947635874,NA,NA,NA,NA,NA,FALSE,TRUE,NA,FALSE,TRUE,NA,NA,NA,FALSE,TRUE,10.303345,TRUE,TRUE,NA,NA,NA,NA,NA,FALSE,TRUE,NA,FALSE,TRUE,NA,NA,NA,FALSE,TRUE,8.97789,TRUE,TRUE
2897246987,2947644208,0.5814011,0.60186136,42.979805,121.922386,44.37605,TRUE,TRUE,2.9227753,TRUE,TRUE,-38.289757,-73.51767,654.28326,TRUE,TRUE,10.040253,TRUE,TRUE,NA,NA,NA,NA,NA,FALSE,TRUE,NA,FALSE,TRUE,NA,NA,NA,FALSE,TRUE,10.192383,TRUE,TRUE
2897255320,2947652541,0.58358353,0.59493214,44.13211,123.85626,45.079956,TRUE,TRUE,2.918167,TRUE,TRUE,-38.330887,-73.52315,654.2551,TRUE,TRUE,10.814178,TRUE,TRUE,0.60402393,0.62590384,54.924683,115.21242,41.933826,TRUE,TRUE,3.2807465,TRUE,TRUE,23.29591,-81.24136,656.5975,TRUE,TRUE,10.666595,TRUE,TRUE
2897263653,2947660874,0.5837661,0.60506594,44.22849,121.02803,44.050507,TRUE,TRUE,2.920456,TRUE,TRUE,-38.37428,-73.5174,654.15375,TRUE,TRUE,10.756378,TRUE,TRUE,0.60648805,0.62550557,56.225716,115.32356,41.974316,TRUE,TRUE,3.2814941,TRUE,TRUE,23.254782,-81.25232,656.5519,TRUE,TRUE,10.550339,TRUE,TRUE
2897271987,2947669208,0.5838036,0.6045709,44.248287,121.1662,44.100815,TRUE,TRUE,2.9263153,TRUE,TRUE,-38.423164,-73.52539,654.2714,TRUE,TRUE,11.146133,TRUE,TRUE,0.60574013,0.61127466,55.830795,119.29526,43.41986,TRUE,TRUE,3.2862244,TRUE,TRUE,23.22853,-81.24527,656.60254,TRUE,TRUE,10.5941925,TRUE,TRUE
2897280320,2947677541,0.5865361,0.6034657,45.69104,121.474655,44.21312,TRUE,TRUE,2.9358063,TRUE,TRUE,-38.464344,-73.51956,654.21875,TRUE,TRUE,11.534668,TRUE,TRUE,NA,NA,NA,NA,NA,FALSE,TRUE,NA,FALSE,TRUE,NA,NA,NA,FALSE,TRUE,10.648621,TRUE,TRUE
2897288653,2947685874,0.5876779,0.5958463,46.293938,123.601135,44.98705,TRUE,TRUE,2.9447937,TRUE,TRUE,-38.50025,-73.51296,654.06995,TRUE,TRUE,11.443375,TRUE,TRUE,0.6037134,0.61276114,54.760666,118.8804,43.268875,TRUE,TRUE,3.2935944,TRUE,TRUE,23.156628,-81.21992,656.60706,TRUE,TRUE,10.738785,TRUE,TRUE
2897296987,2947694209,0.5850214,0.5998309,44.8913,122.489075,44.582314,TRUE,TRUE,2.9394073,TRUE,TRUE,-38.543625,-73.523575,654.185,TRUE,TRUE,11.572189,TRUE,TRUE,0.60088694,0.6117189,53.268307,119.17126,43.374767,TRUE,TRUE,3.3035126,TRUE,TRUE,23.128628,-81.20981,656.6074,TRUE,TRUE,11.038528,TRUE,TRUE
2897305320,2947702542,0.5839114,0.60196984,44.305218000000004,121.892136,44.365055,TRUE,TRUE,2.9424286,TRUE,TRUE,-38.5765,-73.5085,654.05835,TRUE,TRUE,11.16069,TRUE,TRUE,0.5999199,0.61186874,52.757713,119.12947,43.35947,TRUE,TRUE,3.2997894,TRUE,TRUE,23.096653,-81.18956,656.5128,TRUE,TRUE,11.235855,TRUE,TRUE
2897313653,2947710875,0.5846073,0.59614605,44.672684,123.51747,44.956604,TRUE,TRUE,2.9374695,TRUE,TRUE,-38.617912,-73.52624,654.15247,TRUE,TRUE,11.567047,TRUE,TRUE,0.60178375,0.61226916,53.741867,119.017685,43.31884,TRUE,TRUE,3.303772,TRUE,TRUE,23.0537,-81.16748,656.4415,TRUE,TRUE,11.316544,TRUE,TRUE
2897321987,2947719209,0.5878053,0.5986045,46.3612,122.83136,44.706882,TRUE,TRUE,2.9487,TRUE,TRUE,-38.64862,-73.512375,654.0512,TRUE,TRUE,12.037872,TRUE,TRUE,0.6021562,0.61372215,53.938496,118.6122,43.171227,TRUE,TRUE,3.3082733,TRUE,TRUE,23.025085,-81.16818,656.44305,TRUE,TRUE,11.307587,TRUE,TRUE
2897330320,2947727542,0.5842509,0.5998095,44.48452,122.495026,44.584488,TRUE,TRUE,2.9469147,TRUE,TRUE,-38.681786,-73.52532,654.2178,TRUE,TRUE,12.062027,TRUE,TRUE,0.60232025,0.6123389,54.025078,118.99822,43.31179,TRUE,TRUE,3.2993164,TRUE,TRUE,23.006033,-81.167755,656.51697,TRUE,TRUE,11.939682,TRUE,TRUE
2897338653,2947735875,0.5840267,0.6019442,44.366085,121.8993,44.36762,TRUE,TRUE,2.9461823,TRUE,TRUE,-38.70977,-73.514175,654.094,TRUE,TRUE,12.016708,TRUE,TRUE,0.604218,0.60944027,55.02713,119.807205,43.606182,TRUE,TRUE,3.3002777,TRUE,TRUE,22.968185,-81.141266,656.2999,TRUE,TRUE,11.692154,TRUE,TRUE
2897346987,2947744209,0.5836339,0.59780324,44.158726,123.054985,44.788284,TRUE,TRUE,2.9482117,TRUE,TRUE,-38.727608,-73.51094,653.97034,TRUE,TRUE,12.426865,TRUE,TRUE,0.60167766,0.6087658,53.685764,119.99547,43.67469,TRUE,TRUE,3.2997437,TRUE,TRUE,22.956251,-81.12817,656.25244,TRUE,TRUE,11.7608185,TRUE,TRUE
2897355320,2947752542,0.5872178,0.5961051,46.05105,123.52889,44.960762,TRUE,TRUE,2.9482117,TRUE,TRUE,-38.750946,-73.50873,653.9226,TRUE,TRUE,11.564758,TRUE,TRUE,0.6003763,0.6107726,52.998703,119.435394,43.470848,TRUE,TRUE,3.3031006,TRUE,TRUE,22.939571,-81.1328,656.3517,TRUE,TRUE,11.177216,TRUE,TRUE
2897363653,2947760875,0.5853596,0.5984169,45.069874,122.8837,44.725956,TRUE,TRUE,2.9451904,TRUE,TRUE,-38.77132,-73.51866,653.94257,TRUE,TRUE,11.938843,TRUE,TRUE,0.60046625,0.612246,53.04616,119.02418,43.32119,TRUE,TRUE,3.3084412,TRUE,TRUE,22.922192,-81.13649,656.3053,TRUE,TRUE,11.520981,TRUE,TRUE
2897371987,2947769209,0.58516395,0.5986955,44.966568,122.80594,44.69762,TRUE,TRUE,2.946228,TRUE,TRUE,-38.784065,-73.5273,653.8919,TRUE,TRUE,11.654251,TRUE,TRUE,0.60008913,0.6142055,52.84706,118.477295,43.12214,TRUE,TRUE,3.301422,TRUE,TRUE,22.91246,-81.137596,656.282,TRUE,TRUE,11.428604,TRUE,TRUE
2897380320,2947777542,0.58481145,0.6011496,44.780457,122.12105,44.44834,TRUE,TRUE,2.9552155,TRUE,TRUE,-38.796795,-73.53209,653.843,TRUE,TRUE,11.983215,TRUE,TRUE,0.601308,0.6113266,53.49063,119.28075,43.414597,TRUE,TRUE,3.30661,TRUE,TRUE,22.902035,-81.14908,656.25507,TRUE,TRUE,11.878067,TRUE,TRUE
2897388653,2947785875,0.5854144,0.59951943,45.0988,122.57603,44.613945,TRUE,TRUE,2.9435577,TRUE,TRUE,-38.804512,-73.5422,653.81775,TRUE,TRUE,12.541855,TRUE,TRUE,0.6014185,0.6144053,53.54895,118.42154,43.101803,TRUE,TRUE,3.3052216,TRUE,TRUE,22.892817,-81.15436,656.20984,TRUE,TRUE,11.622604,TRUE,TRUE
2897396987,2947794209,0.5845809,0.60153985,44.65873,122.01213,44.408703,TRUE,TRUE,2.9518433,TRUE,TRUE,-38.80696,-73.54634,653.7443,TRUE,TRUE,12.654648,TRUE,TRUE,0.60088766,0.61050683,53.26867,119.50955,43.49784,TRUE,TRUE,3.295868,TRUE,TRUE,22.889708,-81.176834,656.23193,TRUE,TRUE,11.21228,TRUE,TRUE
2897405320,2947802542,0.5857004,0.6004039,45.2498,122.32918,44.52407,TRUE,TRUE,2.9470215,TRUE,TRUE,-38.809685,-73.55757,653.76825,TRUE,TRUE,11.9219055,TRUE,TRUE,0.6022043,0.6103376,53.96391,119.55678,43.514988,TRUE,TRUE,3.3088837,TRUE,TRUE,22.892082,-81.19496,656.23206,TRUE,TRUE,11.589218,TRUE,TRUE
2897413653,2947810875,0.58440214,0.60301083,44.56433,121.60161,44.259285,TRUE,TRUE,2.9516907,TRUE,TRUE,-38.801674,-73.55876,653.69556,TRUE,TRUE,11.76236,TRUE,TRUE,0.60088104,0.6087435,53.26521,120.00164,43.677036,TRUE,TRUE,3.304306,TRUE,TRUE,22.895733,-81.198944,656.184,TRUE,TRUE,11.657562,TRUE,TRUE
2897421987,2947819209,0.5853907,0.6022414,45.086296,121.81633,44.337452,TRUE,TRUE,2.9588165,TRUE,TRUE,-38.796696,-73.56501,653.69885,TRUE,TRUE,12.248016,TRUE,TRUE,0.60051066,0.6119515,53.069633,119.10636,43.3511,TRUE,TRUE,3.3106384,TRUE,TRUE,22.901642,-81.208435,656.1355,TRUE,TRUE,11.560806,TRUE,TRUE
2897430320,2947827542,0.58463573,0.6013497,44.687656,122.06518,44.428062,TRUE,TRUE,2.963684,TRUE,TRUE,-38.786446,-73.57402,653.6497,TRUE,TRUE,12.189178,TRUE,TRUE,0.6015668,0.611291,53.62732,119.29072,43.41819,TRUE,TRUE,3.3090363,TRUE,TRUE,22.907425,-81.21519,656.0854,TRUE,TRUE,11.587006,TRUE,TRUE
2897438653,2947835876,0.58368146,0.60164607,44.1838,121.982506,44.39792,TRUE,TRUE,2.9532928,TRUE,TRUE,-38.77866,-73.58007,653.6263,TRUE,TRUE,11.977371,TRUE,TRUE,0.6003715,0.6107095,52.99613,119.453,43.477257,TRUE,TRUE,3.309555,TRUE,TRUE,22.914879,-81.23609,656.11017,TRUE,TRUE,11.492462,TRUE,TRUE
2897446987,2947844210,0.58573365,0.60171974,45.267395,121.9619,44.39044,TRUE,TRUE,2.964386,TRUE,TRUE,-38.760826,-73.564,653.5558,TRUE,TRUE,11.886215,TRUE,TRUE,0.6013198,0.610193,53.49688,119.59712,43.529762,TRUE,TRUE,3.315216,TRUE,TRUE,22.92303,-81.22787,656.08563,TRUE,TRUE,12.13147,TRUE,TRUE
2897455320,2947852543,0.59424824,0.5332378,49.76307,141.07443,51.346825,TRUE,TRUE,2.9680634,TRUE,TRUE,-38.688538,-73.481544,653.5649,TRUE,TRUE,12.927658,TRUE,TRUE,0.61701417,0.5578531,61.783478,134.20459,48.846375,TRUE,TRUE,3.3332672,TRUE,TRUE,22.930573,-81.14638,656.1588,TRUE,TRUE,12.067368,TRUE,TRUE
2897463653,2947860876,0.6076388,0.44407612,56.833305,165.95844,60.403862,TRUE,TRUE,2.9884338,TRUE,TRUE,-38.578373,-73.38385,653.59894,TRUE,TRUE,12.376038,TRUE,TRUE,0.6262869,0.46831173,66.679504,159.1946,57.94196,TRUE,TRUE,3.3533478,TRUE,TRUE,22.916069,-81.01402,656.209,TRUE,TRUE,11.373062,TRUE,TRUE
2897471987,2947869210,0.6160915,0.41987264,61.296288,172.71336,62.862434,TRUE,TRUE,2.9770203,TRUE,TRUE,-38.520462,-73.341644,653.7258,TRUE,TRUE,11.818771,TRUE,TRUE,0.63197035,0.44418305,69.68036,165.92863,60.392914,TRUE,TRUE,3.3381958,TRUE,TRUE,22.895554,-80.93376,656.18604,TRUE,TRUE,12.042191,TRUE,TRUE
2897480320,2947877543,0.6135043,0.43073204,59.93026,169.68261999999999,61.759293,TRUE,TRUE,2.9824219,TRUE,TRUE,-38.525463,-73.34482,653.7268,TRUE,TRUE,11.201782,TRUE,TRUE,0.6247573,0.450666,65.87185,164.11925,59.73452,TRUE,TRUE,3.3424072,TRUE,TRUE,22.903751,-80.93033,656.18616,TRUE,TRUE,12.292038,TRUE,TRUE
2897488653,2947885876,0.61227345,0.44867426,59.28038,164.67516,59.9368,TRUE,TRUE,2.9932404,TRUE,TRUE,-38.5606,-73.37038,653.6476,TRUE,TRUE,12.214676,TRUE,TRUE,0.62493277,0.4622842,65.964516,160.87682,58.554226,TRUE,TRUE,3.3314667,TRUE,TRUE,22.922813,-80.96277,656.11053,TRUE,TRUE,11.537048,TRUE,TRUE
2897496987,2947894210,0.61393034,0.44322604,60.155254,166.1957,60.49018,TRUE,TRUE,2.9994202,TRUE,TRUE,-38.5838,-73.39196,653.5276,TRUE,TRUE,11.556503,TRUE,TRUE,0.62480205,0.45834267,65.89548,161.9768,58.954666,TRUE,TRUE,3.351715,TRUE,TRUE,22.93697,-80.99632,656.03796,TRUE,TRUE,11.845123,TRUE,TRUE
2897505320,2947902543,0.61400765,0.44267747,60.196068,166.34879,60.545906,TRUE,TRUE,2.9911041,TRUE,TRUE,-38.591465,-73.40816,653.47705,TRUE,TRUE,12.246216,TRUE,TRUE,0.62372315,0.4604302,65.325836,161.39423,58.74259,TRUE,TRUE,3.358261,TRUE,TRUE,22.942371,-81.02817,656.0121,TRUE,TRUE,12.814362,TRUE,TRUE
2897513653,2947910876,0.6125321,0.44197214,59.41696,166.54562,60.617638,TRUE,TRUE,3.0055695,TRUE,TRUE,-38.594097,-73.42967,653.5254,TRUE,TRUE,12.17366,TRUE,TRUE,0.624598,0.4594044,65.78776,161.68048,58.846813,TRUE,TRUE,3.3496552,TRUE,TRUE,22.950123,-81.03432,656.0134,TRUE,TRUE,12.085419,TRUE,TRUE
2897521987,2947919210,0.61340004,0.44333875,59.87523,166.16423,60.478756,TRUE,TRUE,3.00708,TRUE,TRUE,-38.60174,-73.44237,653.5002,TRUE,TRUE,12.710007,TRUE,TRUE,0.62404674,0.45884895,65.49669,161.83551,58.90325,TRUE,TRUE,3.3571167,TRUE,TRUE,22.95607,-81.037605,655.961,TRUE,TRUE,11.987244,TRUE,TRUE
2897530320,2947927543,0.6135745,0.4399631,59.967335,167.10632,60.821686,TRUE,TRUE,3.0037842,TRUE,TRUE,-38.609535,-73.468735,653.52344,TRUE,TRUE,12.204834,TRUE,TRUE,0.6254398,0.46161473,66.23223,161.06363,58.622265,TRUE,TRUE,3.360077,TRUE,TRUE,22.963303,-81.06317,655.9872,TRUE,TRUE,11.9696045,TRUE,TRUE
2897538653,2947935876,0.61433464,0.4380095,60.3687,167.65155,61.02011,TRUE,TRUE,3.0070496,TRUE,TRUE,-38.61985,-73.49276,653.522,TRUE,TRUE,12.024139,TRUE,TRUE,0.62382984,0.45428497,65.38214,163.10928,59.36682,TRUE,TRUE,3.3567505,TRUE,TRUE,22.96854,-81.08377,655.98615,TRUE,TRUE,12.658707,TRUE,TRUE
2897546987,2947944210,0.61223876,0.43770653,59.262108,167.7361,61.05092,TRUE,TRUE,3.0055847,TRUE,TRUE,-38.624706,-73.49938,653.49786,TRUE,TRUE,12.286697,TRUE,TRUE,0.6227634,0.45773643,64.81911,162.146,59.0162,TRUE,TRUE,3.3662872,TRUE,TRUE,22.973423,-81.10014,656.0112,TRUE,TRUE,12.265778,TRUE,TRUE
2897555320,2947952543,0.6143336,0.4402833,60.368164,167.017,60.789093,TRUE,TRUE,3.0150757,TRUE,TRUE,-38.627506,-73.51384,653.49817,TRUE,TRUE,11.829071,TRUE,TRUE,0.62355065,0.46024176,65.23474,161.4468,58.761776,TRUE,TRUE,3.357132,TRUE,TRUE,22.976072,-81.10138,656.011,TRUE,TRUE,12.766388,TRUE,TRUE
2897563653,2947960876,0.6139487,0.4405288,60.164963,166.94844,60.764214,TRUE,TRUE,3.0066833,TRUE,TRUE,-38.6275,-73.52218,653.4502,TRUE,TRUE,11.8078,TRUE,TRUE,0.624589,0.45683646,65.78302,162.39716,59.107693,TRUE,TRUE,3.365036,TRUE,TRUE,22.97889,-81.10768,655.98645,TRUE,TRUE,12.24472,TRUE,TRUE
2897571987,2947969210,0.6135711,0.43797106,59.965546,167.6623,61.023964,TRUE,TRUE,3.0025482,TRUE,TRUE,-38.62754,-73.53296,653.4741,TRUE,TRUE,12.139389,TRUE,TRUE,0.6224034,0.45538628,64.629005,162.80191,59.254982,TRUE,TRUE,3.3584442,TRUE,TRUE,22.98708,-81.113815,655.9616,TRUE,TRUE,12.930634,TRUE,TRUE
2897580320,2947977544,0.6138369,0.43920258,60.105885,167.31862,60.898853,TRUE,TRUE,3.0075836,TRUE,TRUE,-38.624924,-73.54289,653.4748,TRUE,TRUE,11.811295,TRUE,TRUE,0.624414,0.45706874,65.690636,162.33234,59.084053,TRUE,TRUE,3.3467865,TRUE,TRUE,23.001316,-81.12295,656.03394,TRUE,TRUE,12.477402,TRUE,TRUE
2897588653,2947985877,0.61616737,0.4422644,61.336372,166.46408,60.587856,TRUE,TRUE,3.0021515,TRUE,TRUE,-38.617386,-73.552345,653.4745,TRUE,TRUE,12.193695,TRUE,TRUE,0.623194,0.4586084,65.046425,161.90266,58.92764,TRUE,TRUE,3.3580933,TRUE,TRUE,23.016129,-81.1336,656.0564,TRUE,TRUE,11.974579,TRUE,TRUE
2897596987,2947994211,0.6151748,0.44018573,60.81231,167.04419,60.799072,TRUE,TRUE,2.9979248,TRUE,TRUE,-38.604492,-73.5628,653.52386,TRUE,TRUE,12.070251,TRUE,TRUE,0.6243613,0.45933995,65.66278,161.6985,58.85334,TRUE,TRUE,3.3587189,TRUE,TRUE,23.035053,-81.12866,656.00806,TRUE,TRUE,12.441025,TRUE,TRUE
2897605320,2948002544,0.61375034,0.44187358,60.060173,166.57318,60.627533,TRUE,TRUE,3.0007477,TRUE,TRUE,-38.57873,-73.567474,653.4783,TRUE,TRUE,12.120712,TRUE,TRUE,0.6256647,0.45702118,66.35098,162.34564,59.088913,TRUE,TRUE,3.356247,TRUE,TRUE,23.053524,-81.13931,655.95746,TRUE,TRUE,12.91803,TRUE,TRUE
2897613653,2948010877,0.6119116,0.4368958,59.089336,167.9624,61.133247,TRUE,TRUE,2.9934387,TRUE,TRUE,-38.555748,-73.57861,653.5781,TRUE,TRUE,11.98642,TRUE,TRUE,0.626451,0.45620215,66.76611,162.57425,59.172043,TRUE,TRUE,3.3572693,TRUE,TRUE,23.07909,-81.141754,655.9813,TRUE,TRUE,12.504852,TRUE,TRUE
2897621987,2948019211,0.61234236,0.43782082,59.316795,167.70422,61.039223,TRUE,TRUE,2.9826508,TRUE,TRUE,-38.530273,-73.58568,653.6537,TRUE,TRUE,11.761673,TRUE,TRUE,0.6239865,0.45572412,65.46488,162.70761,59.220642,TRUE,TRUE,3.3481598,TRUE,TRUE,23.116568,-81.14693,656.04956,TRUE,TRUE,12.080124,TRUE,TRUE
2897630320,2948027544,0.61340845,0.43580145,59.87967,168.2678,61.244408,TRUE,TRUE,2.975296,TRUE,TRUE,-38.499516,-73.576,653.60925,TRUE,TRUE,12.137955,TRUE,TRUE,0.6247604,0.45550907,65.87352,162.76764,59.24247,TRUE,TRUE,3.3485107,TRUE,TRUE,23.153393,-81.15657,656.1699,TRUE,TRUE,12.4262085,TRUE,TRUE
2897638653,2948035877,0.61529243,0.4407995,60.874428,166.8729,60.736694,TRUE,TRUE,2.982376,TRUE,TRUE,-38.463783,-73.567184,653.5149,TRUE,TRUE,12.246719,TRUE,TRUE,0.62300014,0.46089196,64.94406,161.26535,58.695663,TRUE,TRUE,3.3422852,TRUE,TRUE,23.186758,-81.142685,656.0222,TRUE,TRUE,12.337799,TRUE,TRUE
2897646987,2948044211,0.6143352,0.4412704,60.368965,166.74152,60.688828,TRUE,TRUE,2.9738312,TRUE,TRUE,-38.422806,-73.56421,653.61536,TRUE,TRUE,11.90564,TRUE,TRUE,0.6265664,0.46193808,66.82709,160.97337,58.58945,TRUE,TRUE,3.34729,TRUE,TRUE,23.218857,-81.15851,656.06836,TRUE,TRUE,12.863647,TRUE,TRUE
2897655320,2948052544,0.6120625,0.43744576,59.169,167.8089,61.07734,TRUE,TRUE,2.9719238,TRUE,TRUE,-38.38958,-73.56816,653.74084,TRUE,TRUE,12.689392,TRUE,TRUE,0.62517464,0.45709184,66.09224,162.32593,59.08165,TRUE,TRUE,3.3329926,TRUE,TRUE,23.27098,-81.15851,656.2112,TRUE,TRUE,12.013458,TRUE,TRUE
2897663653,2948060877,0.614142,0.44288826,60.26699,166.28998,60.524498,TRUE,TRUE,2.964798,TRUE,TRUE,-38.346046,-73.55368,653.7453,TRUE,TRUE,12.321381,TRUE,TRUE,0.62633955,0.4592784,66.70729,161.71564,58.859665,TRUE,TRUE,3.3285065,TRUE,TRUE,23.316877,-81.14914,656.2335,TRUE,TRUE,12.554916,TRUE,TRUE
2897671987,2948069211,0.6116791,0.4374997,58.96658,167.79385,61.071857,TRUE,TRUE,2.963913,TRUE,TRUE,-38.29474,-73.54605,653.7505,TRUE,TRUE,12.254578,TRUE,TRUE,0.6234017,0.46185893,65.15612,160.99547,58.59745,TRUE,TRUE,3.3325958,TRUE,TRUE,23.35677,-81.13906,656.158,TRUE,TRUE,12.90152,TRUE,TRUE
2897680320,2948077544,0.61373645,0.43771487,60.05285,167.7338,61.05004,TRUE,TRUE,2.9557343,TRUE,TRUE,-38.248898,-73.54591,653.77954,TRUE,TRUE,11.751541,TRUE,TRUE,0.6253129,0.45654085,66.16524,162.47966,59.13773,TRUE,TRUE,3.3143005,TRUE,TRUE,23.41423,-81.1366,656.2767,TRUE,TRUE,12.723709,TRUE,TRUE
2897688653,2948085877,0.6141198,0.43574792,60.25528,168.28275,61.249847,TRUE,TRUE,2.9528656,TRUE,TRUE,-38.200157,-73.5397,653.8563,TRUE,TRUE,11.800934,TRUE,TRUE,0.62556183,0.46202743,66.29666,160.94846,58.580315,TRUE,TRUE,3.3137054,TRUE,TRUE,23.467834,-81.13936,656.2975,TRUE,TRUE,13.228378,TRUE,TRUE
2897696987,2948094211,0.6118915,0.44029456,59.078728,167.01382,60.788044,TRUE,TRUE,2.9534454,TRUE,TRUE,-38.14125,-73.53272,653.83875,TRUE,TRUE,12.676956,TRUE,TRUE,0.62518495,0.46183538,66.09766,161.00204,58.599873,TRUE,TRUE,3.3116913,TRUE,TRUE,23.516682,-81.14462,656.2952,TRUE,TRUE,12.668915,TRUE,TRUE
2897705320,2948102544,0.61293364,0.4355845,59.628986,168.32837,61.26644,TRUE,TRUE,2.9433136,TRUE,TRUE,-38.09017,-73.52651,653.845,TRUE,TRUE,12.477875,TRUE,TRUE,0.62460935,0.45965886,65.79376,161.6095,58.820915,TRUE,TRUE,3.3065033,TRUE,TRUE,23.576633,-81.16199,656.412,TRUE,TRUE,11.884354,TRUE,TRUE
2897713653,2948110878,0.6137929,0.44026124,60.082653,167.0231,60.791374,TRUE,TRUE,2.947586,TRUE,TRUE,-38.036484,-73.53258,653.8974,TRUE,TRUE,11.922455,TRUE,TRUE,0.62530357,0.4581665,66.160286,162.026,58.972515,TRUE,TRUE,3.2928162,TRUE,TRUE,23.621786,-81.16185,656.3126,TRUE,TRUE,12.350098,TRUE,TRUE
2897721987,2948119212,0.61756766,0.44605917,62.07572,165.405,60.202423,TRUE,TRUE,2.936905,TRUE,TRUE,-37.97991,-73.48383,653.6602,TRUE,TRUE,12.248459,TRUE,TRUE,0.6258385,0.4606471,66.44275,161.3337,58.720497,TRUE,TRUE,3.2941437,TRUE,TRUE,23.679834,-81.171295,656.40674,TRUE,TRUE,12.148453,TRUE,TRUE
2897730320,2948127545,0.6145612,0.44343382,60.48833,166.13773,60.469055,TRUE,TRUE,2.9360962,TRUE,TRUE,-37.933853,-73.51105,653.9324,TRUE,TRUE,12.199448,TRUE,TRUE,0.62415034,0.46115935,65.55139,161.19072,58.668495,TRUE,TRUE,3.2881012,TRUE,TRUE,23.73307,-81.18069,656.4768,TRUE,TRUE,12.677902,TRUE,TRUE
2897738653,2948135878,0.6124087,0.44216007,59.351807,166.49321,60.59844,TRUE,TRUE,2.9431915,TRUE,TRUE,-37.880222,-73.51394,653.98773,TRUE,TRUE,12.257385,TRUE,TRUE,0.6264138,0.46518135,66.74649,160.0682,58.259995,TRUE,TRUE,3.2865906,TRUE,TRUE,23.770266,-81.1772,656.3774,TRUE,TRUE,12.768311,TRUE,TRUE
2897746987,2948144212,0.6139616,0.44066638,60.17175,166.91006,60.750168,TRUE,TRUE,2.9357605,TRUE,TRUE,-37.836544,-73.501205,654.0176,TRUE,TRUE,13.040268,TRUE,TRUE,0.62475353,0.4607021,65.86987,161.31833,58.715027,TRUE,TRUE,3.2809753,TRUE,TRUE,23.82302,-81.194,656.47003,TRUE,TRUE,12.81218,TRUE,TRUE
2897755320,2948152545,0.61305994,0.44005698,59.695694,167.08014,60.8121,TRUE,TRUE,2.9307709,TRUE,TRUE,-37.793015,-73.49747,654.02,TRUE,TRUE,12.248169,TRUE,TRUE,0.6244976,0.46159068,65.73475,161.07031,58.624733,TRUE,TRUE,3.2828064,TRUE,TRUE,23.872835,-81.20049,656.5875,TRUE,TRUE,13.023178,TRUE,TRUE
2897763653,2948160878,0.6121657,0.44194305,59.223503,166.55376,60.620514,TRUE,TRUE,2.9285126,TRUE,TRUE,-37.746944,-73.50668,654.1472,TRUE,TRUE,12.2808075,TRUE,TRUE,0.6247975,0.46005785,65.8931,161.49812,58.780464,TRUE,TRUE,3.2695007,TRUE,TRUE,23.905113,-81.19493,656.4914,TRUE,TRUE,12.485931,TRUE,TRUE
2897771987,2948169212,0.6141905,0.44290292,60.292603,166.28589,60.52301,TRUE,TRUE,2.9252014,TRUE,TRUE,-37.70321,-73.4865,654.07935,TRUE,TRUE,12.700226,TRUE,TRUE,0.6236994,0.46221155,65.31335,160.89706,58.561653,TRUE,TRUE,3.268158,TRUE,TRUE,23.956627,-81.1974,656.48596,TRUE,TRUE,12.661865,TRUE,TRUE
2897780320,2948177545,0.6160052,0.44430524,61.250763,165.8945,60.380558,TRUE,TRUE,2.9273987,TRUE,TRUE,-37.66776,-73.49151,654.0837,TRUE,TRUE,12.251724,TRUE,TRUE,0.6251185,0.46082634,66.06257,161.28363,58.702362,TRUE,TRUE,3.2666016,TRUE,TRUE,23.998465,-81.207184,656.63007,TRUE,TRUE,13.271103,TRUE,TRUE
2897788653,2948185878,0.6133708,0.4438064,59.85978,166.03372,60.431236,TRUE,TRUE,2.92836,TRUE,TRUE,-37.629147,-73.500015,654.18365,TRUE,TRUE,11.785736,TRUE,TRUE,0.624894,0.46089852,65.94406,161.26352,58.695045,TRUE,TRUE,3.265152,TRUE,TRUE,24.029936,-81.21255,656.5802,TRUE,TRUE,12.484665,TRUE,TRUE
2897796987,2948194212,0.6117353,0.4423476,58.99623,166.44086,60.57943,TRUE,TRUE,2.9276123,TRUE,TRUE,-37.5955,-73.50091,654.2604,TRUE,TRUE,11.883728,TRUE,TRUE,0.62664473,0.46621,66.86843,159.78113,58.15547,TRUE,TRUE,3.2728577,TRUE,TRUE,24.057632,-81.21766,656.60144,TRUE,TRUE,12.887024,TRUE,TRUE
2897805320,2948202545,0.61232775,0.4434949,59.309067,166.12065,60.4629,TRUE,TRUE,2.9212952,TRUE,TRUE,-37.564987,-73.49358,654.1908,TRUE,TRUE,12.433762,TRUE,TRUE,0.62511295,0.45872968,66.05963,161.8688,58.91533,TRUE,TRUE,3.2590485,TRUE,TRUE,24.094296,-81.210526,656.5759,TRUE,TRUE,13.247452,TRUE,TRUE
2897813653,2948210878,0.6140523,0.44260237,60.219627,166.36975,60.553577,TRUE,TRUE,2.9195251,TRUE,TRUE,-37.54469,-73.494965,654.1685,TRUE,TRUE,12.10614,TRUE,TRUE,0.6226225,0.46374893,64.74467,160.46799,58.405487,TRUE,TRUE,3.2588196,TRUE,TRUE,24.119373,-81.22063,656.62244,TRUE,TRUE,12.733673,TRUE,TRUE
2897821987,2948219212,0.6149897,0.44395947,60.714584,165.991,60.41569,TRUE,TRUE,2.9174194,TRUE,TRUE,-37.524055,-73.50514,654.2432,TRUE,TRUE,12.574249,TRUE,TRUE,0.62408286,0.4633007,65.515755,160.5931,58.45101,TRUE,TRUE,3.2591705,TRUE,TRUE,24.139544,-81.21668,656.64465,TRUE,TRUE,12.69342,TRUE,TRUE
2897830320,2948227545,0.61270136,0.4428572,59.506313,166.29861,60.52768,TRUE,TRUE,2.9077148,TRUE,TRUE,-37.506042,-73.51219,654.31854,TRUE,TRUE,12.116333,TRUE,TRUE,0.6233913,0.46655047,65.15057,159.6861,58.12092,TRUE,TRUE,3.2631989,TRUE,TRUE,24.153194,-81.20699,656.59644,TRUE,TRUE,11.940063,TRUE,TRUE
2897838653,2948235878,0.613135,0.44342464,59.735275,166.14029,60.470028,TRUE,TRUE,2.9178162,TRUE,TRUE,-37.495754,-73.52432,654.4145,TRUE,TRUE,12.291748,TRUE,TRUE,0.6254759,0.4664931,66.25128,159.70212,58.126747,TRUE,TRUE,3.2556458,TRUE,TRUE,24.160355,-81.20505,656.6185,TRUE,TRUE,12.5336,TRUE,TRUE
2897846987,2948244212,0.61351866,0.43982515,59.937878,167.14482,60.835686,TRUE,TRUE,2.9130707,TRUE,TRUE,-37.4855,-73.52562,654.4167,TRUE,TRUE,11.650101,TRUE,TRUE,0.6250956,0.464074,66.05049,160.37729,58.37246,TRUE,TRUE,3.2480774,TRUE,TRUE,24.16861,-81.19306,656.5967,TRUE,TRUE,12.950134,TRUE,TRUE
2897855320,2948252546,0.6152401,0.44634226,60.846764,165.32599,60.173706,TRUE,TRUE,2.915863,TRUE,TRUE,-37.480373,-73.522675,654.36847,TRUE,TRUE,12.205292,TRUE,TRUE,0.62568986,0.4656509,66.36427,159.93716,58.212303,TRUE,TRUE,3.2537994,TRUE,TRUE,24.17865,-81.185,656.62067,TRUE,TRUE,12.89444,TRUE,TRUE
2897863653,2948260879,0.6124789,0.4449583,59.3889,165.71223,60.31424,TRUE,TRUE,2.9130096,TRUE,TRUE,-37.472527,-73.53442,654.4669,TRUE,TRUE,12.134979,TRUE,TRUE,0.62356037,0.46961263,65.2399,158.83148,57.809845,TRUE,TRUE,3.2421417,TRUE,TRUE,24.188807,-81.16933,656.6433,TRUE,TRUE,12.432205,TRUE,TRUE
2897871987,2948269213,0.6138096,0.44618368,60.091454,165.37022,60.1898,TRUE,TRUE,2.917801,TRUE,TRUE,-37.467457,-73.537,654.4923,TRUE,TRUE,12.35527,TRUE,TRUE,0.6235361,0.4696666,65.227066,158.81644,57.80438,TRUE,TRUE,3.2433624,TRUE,TRUE,24.19413,-81.157135,656.6188,TRUE,TRUE,12.648483,TRUE,TRUE
2897880320,2948277546,0.61309886,0.4428781,59.71619,166.29282,60.52552,TRUE,TRUE,2.9104767,TRUE,TRUE,-37.464706,-73.53949,654.49176,TRUE,TRUE,12.208221,TRUE,TRUE,0.62597847,0.46386337,66.51665,160.43604,58.39386,TRUE,TRUE,3.2411804,TRUE,TRUE,24.1988,-81.14856,656.6435,TRUE,TRUE,12.54895,TRUE,TRUE
2897888653,2948285879,0.61339855,0.44495058,59.874443,165.7144,60.315033,TRUE,TRUE,2.914856,TRUE,TRUE,-37.46472,-73.549736,654.5153,TRUE,TRUE,12.271881,TRUE,TRUE,0.62629485,0.46815097,66.683685,159.23944,57.95833,TRUE,TRUE,3.233841,TRUE,TRUE,24.203945,-81.13613,656.64404,TRUE,TRUE,12.10817,TRUE,TRUE
2897896987,2948294213,0.61402106,0.44199127,60.20317,166.54028,60.615654,TRUE,TRUE,2.9072113,TRUE,TRUE,-37.45459,-73.54905,654.467,TRUE,TRUE,11.85672,TRUE,TRUE,0.6257607,0.4682945,66.40164,159.19937,57.943764,TRUE,TRUE,3.2332306,TRUE,TRUE,24.21164,-81.12149,656.64154,TRUE,TRUE,12.537903,TRUE,TRUE
2897905320,2948302546,0.61426795,0.44447982,60.33349,165.84576,60.36286,TRUE,TRUE,2.9169464,TRUE,TRUE,-37.45202,-73.55177,654.4436,TRUE,TRUE,12.167297,TRUE,TRUE,0.62503946,0.4686891,66.02086,159.08922,57.90372,TRUE,TRUE,3.2382355,TRUE,TRUE,24.216675,-81.11484,656.6416,TRUE,TRUE,12.83252,TRUE,TRUE
2897913653,2948310879,0.6131624,0.44418636,59.749737,165.92767,60.392643,TRUE,TRUE,2.9028625,TRUE,TRUE,-37.451935,-73.56406,654.4928,TRUE,TRUE,12.270645,TRUE,TRUE,0.6236025,0.46287447,65.26216,160.71205,58.49432,TRUE,TRUE,3.2280579,TRUE,TRUE,24.223995,-81.10806,656.6886,TRUE,TRUE,12.994934,TRUE,TRUE
2897921987,2948319213,0.61295855,0.44662967,59.642113,165.24579,60.144455,TRUE,TRUE,2.9102173,TRUE,TRUE,-37.446583,-73.56525,654.49036,TRUE,TRUE,12.242081,TRUE,TRUE,0.62397224,0.46809483,65.45734,159.25511,57.964005,TRUE,TRUE,3.2388,TRUE,TRUE,24.229168,-81.092026,656.6898,TRUE,TRUE,12.785385,TRUE,TRUE
2897930320,2948327546,0.61355877,0.44577545,59.959038,165.48419,60.231224,TRUE,TRUE,2.9027557,TRUE,TRUE,-37.44163,-73.571335,654.5425,TRUE,TRUE,12.156937,TRUE,TRUE,0.62299395,0.4674365,64.94079,159.43881,58.030937,TRUE,TRUE,3.224121,TRUE,TRUE,24.235025,-81.07366,656.64014,TRUE,TRUE,12.745026,TRUE,TRUE
2897938653,2948335879,0.61277807,0.44662738,59.54683,165.24641,60.144684,TRUE,TRUE,2.9042053,TRUE,TRUE,-37.43644,-73.57857,654.56757,TRUE,TRUE,12.593918,TRUE,TRUE,0.62482214,0.46491867,65.9061,160.14153,58.28665,TRUE,TRUE,3.213089,TRUE,TRUE,24.245628,-81.058136,656.61646,TRUE,TRUE,12.829742,TRUE,TRUE
2897946987,2948344213,0.61220324,0.442266,59.243332,166.46365,60.5877,TRUE,TRUE,2.8945618,TRUE,TRUE,-37.43112,-73.584526,654.61536,TRUE,TRUE,12.36055,TRUE,TRUE,0.6241901,0.4662972,65.57238,159.7568,58.146645,TRUE,TRUE,3.213272,TRUE,TRUE,24.253403,-81.050735,656.6145,TRUE,TRUE,12.8329315,TRUE,TRUE
2897955320,2948352546,0.6133753,0.44500744,59.862183,165.69852,60.30919,TRUE,TRUE,2.895996,TRUE,TRUE,-37.42332,-73.589584,654.58844,TRUE,TRUE,12.173401,TRUE,TRUE,0.62260115,0.46910858,64.73343,158.97218,57.86107,TRUE,TRUE,3.2155151,TRUE,TRUE,24.26418,-81.046936,656.5906,TRUE,TRUE,13.067795,TRUE,TRUE
2897963653,2948360879,0.6138341,0.4448585,60.10441,165.74011,60.324314,TRUE,TRUE,2.9034882,TRUE,TRUE,-37.413223,-73.59238,654.6184,TRUE,TRUE,12.152695,TRUE,TRUE,0.62353444,0.46691254,65.226204,159.58507,58.08413,TRUE,TRUE,3.2098846,TRUE,TRUE,24.274057,-81.04107,656.6145,TRUE,TRUE,12.924454,TRUE,TRUE
2897971987,2948369213,0.6123845,0.4453525,59.339005,165.60223,60.274197,TRUE,TRUE,2.8944855,TRUE,TRUE,-37.400337,-73.596794,654.619,TRUE,TRUE,12.384872,TRUE,TRUE,0.6252099,0.46831396,66.11088,159.19391,57.941803,TRUE,TRUE,3.2134857,TRUE,TRUE,24.284473,-81.03682,656.5884,TRUE,TRUE,12.8112335,TRUE,TRUE
2897980320,2948377546,0.61258394,0.4440822,59.44432,165.95676,60.403236,TRUE,TRUE,2.884262,TRUE,TRUE,-37.39004,-73.60479,654.6689,TRUE,TRUE,12.255356,TRUE,TRUE,0.62701833,0.46993428,67.065704,158.74173,57.777206,TRUE,TRUE,3.200348,TRUE,TRUE,24.29271,-81.02889,656.53955,TRUE,TRUE,13.096008,TRUE,TRUE
2897988653,2948385879,0.61404014,0.4461409,60.213203,165.3822,60.194115,TRUE,TRUE,2.8938446,TRUE,TRUE,-37.377365,-73.61003,654.62054,TRUE,TRUE,12.430725,TRUE,TRUE,0.6245984,0.46743304,65.78795,159.4398,58.03124,TRUE,TRUE,3.1976929,TRUE,TRUE,24.308126,-81.01947,656.5639,TRUE,TRUE,12.9218445,TRUE,TRUE
2897996987,2948394214,0.61265254,0.447778,59.480545,164.9253,60.027813,TRUE,TRUE,2.8831177,TRUE,TRUE,-37.361923,-73.61711,654.62354,TRUE,TRUE,12.551666,TRUE,TRUE,0.6272756,0.46833554,67.20155,159.18793,57.939575,TRUE,TRUE,3.1947937,TRUE,TRUE,24.318554,-81.01329,656.5387,TRUE,TRUE,12.302155,TRUE,TRUE
2898005320,2948402547,0.6135997,0.4469043,59.980675,165.16913,60.11657,TRUE,TRUE,2.884613,TRUE,TRUE,-37.351837,-73.63072,654.6478,TRUE,TRUE,11.707993,TRUE,TRUE,0.6235143,0.47114912,65.21553,158.4027,57.653717,TRUE,TRUE,3.1984558,TRUE,TRUE,24.33189,-81.01184,656.51404,TRUE,TRUE,12.948639,TRUE,TRUE
2898013653,2948410880,0.6133392,0.44986498,59.843105,164.34283,59.815857,TRUE,TRUE,2.8781128,TRUE,TRUE,-37.33878,-73.63891,654.62366,TRUE,TRUE,12.299255,TRUE,TRUE,0.62523246,0.47084796,66.12276,158.48671,57.68441,TRUE,TRUE,3.1889954,TRUE,TRUE,24.345387,-81.00735,656.46484,TRUE,TRUE,13.578354,TRUE,TRUE
2898021987,2948419214,0.6123216,0.4510371,59.30584,164.01569,59.696777,TRUE,TRUE,2.8833618,TRUE,TRUE,-37.328506,-73.65195,654.62714,TRUE,TRUE,12.515533,TRUE,TRUE,0.62387025,0.4734476,65.40354,157.76118,57.420353,TRUE,TRUE,3.1949005,TRUE,TRUE,24.36075,-81.013954,656.4634,TRUE,TRUE,11.873184,TRUE,TRUE
2898030320,2948427547,0.6131766,0.4514045,59.757256,163.91318,59.65944,TRUE,TRUE,2.8726196,TRUE,TRUE,-37.318363,-73.66089,654.6048,TRUE,TRUE,12.3428955,TRUE,TRUE,0.6240647,0.467893,65.50612,159.31145,57.984528,TRUE,TRUE,3.1844482,TRUE,TRUE,24.376877,-81.01344,656.4133,TRUE,TRUE,12.957336,TRUE,TRUE
2898038653,2948435880,0.6140194,0.45286644,60.20224,163.50517,59.51093,TRUE,TRUE,2.8685303,TRUE,TRUE,-37.30558,-73.66803,654.5797,TRUE,TRUE,12.292191,TRUE,TRUE,0.62086105,0.47090393,63.81466,158.47112,57.678696,TRUE,TRUE,3.1670074,TRUE,TRUE,24.39213,-81.00212,656.2422,TRUE,TRUE,12.463684,TRUE,TRUE
2898046987,2948444214,0.6137532,0.4486385,60.06166,164.68515,59.940414,TRUE,TRUE,2.8607178,TRUE,TRUE,-37.29534,-73.684845,654.5805,TRUE,TRUE,11.828857,TRUE,TRUE,0.6235957,0.46442854,65.25851,160.27832,58.336437,TRUE,TRUE,3.1731415,TRUE,TRUE,24.400585,-81.01869,656.3876,TRUE,TRUE,13.335342,TRUE,TRUE
2898055320,2948452547,0.61250854,0.44624412,59.404533,165.35338,60.183647,TRUE,TRUE,2.8525696,TRUE,TRUE,-37.287617,-73.69748,654.60657,TRUE,TRUE,11.940765,TRUE,TRUE,0.623635,0.46367390000000003,65.27929,160.48894,58.413124,TRUE,TRUE,3.1697083,TRUE,TRUE,24.411217,-81.023926,656.36414,TRUE,TRUE,13.374176,TRUE,TRUE
2898063653,2948460880,0.6129472,0.44982833,59.63614,164.35306,59.819588,TRUE,TRUE,2.8598938,TRUE,TRUE,-37.282387,-73.711044,654.6304,TRUE,TRUE,12.073776,TRUE,TRUE,0.6236062,0.46559906,65.264084,159.95166,58.217545,TRUE,TRUE,3.1687622,TRUE,TRUE,24.421034,-81.02849,656.3862,TRUE,TRUE,13.053482,TRUE,TRUE
2898071987,2948469214,0.6132593,0.44486254,59.800934,165.73895,60.32396,TRUE,TRUE,2.85083,TRUE,TRUE,-37.279884,-73.713165,654.6315,TRUE,TRUE,11.585663,TRUE,TRUE,0.6236029,0.4630409,65.262344,160.6656,58.477386,TRUE,TRUE,3.1493683,TRUE,TRUE,24.426258,-81.020584,656.3865,TRUE,TRUE,12.614899,TRUE,TRUE
2898080320,2948477547,0.61201656,0.44927728,59.144737,164.50685,59.875565,TRUE,TRUE,2.850891,TRUE,TRUE,-37.27474,-73.71651,654.5835,TRUE,TRUE,12.270737,TRUE,TRUE,0.62482274,0.46749246,65.9064,159.42322,58.02524,TRUE,TRUE,3.1619263,TRUE,TRUE,24.424837,-81.0078,656.2896,TRUE,TRUE,12.8293915,TRUE,TRUE
2898088653,2948485880,0.6134341,0.44684607,59.89321,165.18538,60.122505,TRUE,TRUE,2.8468323,TRUE,TRUE,-37.282455,-73.72455,654.6045,TRUE,TRUE,12.797882,TRUE,TRUE,0.6257282,0.46801114,66.3845,159.27846,57.97255,TRUE,TRUE,3.152237,TRUE,TRUE,24.413261,-80.982346,656.1936,TRUE,TRUE,12.916977,TRUE,TRUE
2898096987,2948494214,0.61240184,0.44819486,59.348164,164.80896,59.98549,TRUE,TRUE,2.8383636,TRUE,TRUE,-37.292522,-73.723915,654.6532,TRUE,TRUE,11.982956,TRUE,TRUE,0.62620664,0.4667742,66.6371,159.62366,58.09822,TRUE,TRUE,3.1484985,TRUE,TRUE,24.404554,-80.95816,656.07227,TRUE,TRUE,13.084808,TRUE,TRUE
2898105320,2948502547,0.61288655,0.44722936,59.604134,165.07843,60.083527,TRUE,TRUE,2.8365936,TRUE,TRUE,-37.302963,-73.71745,654.6057,TRUE,TRUE,12.069504,TRUE,TRUE,0.6258086,0.46145546,66.42698,161.10808,58.638428,TRUE,TRUE,3.136078,TRUE,TRUE,24.391617,-80.9375,656.07275,TRUE,TRUE,12.273865,TRUE,TRUE
2898113653,2948510880,0.61427045,0.45163152,60.33482,163.84982,59.636402,TRUE,TRUE,2.833847,TRUE,TRUE,-37.31825,-73.71598,654.5779,TRUE,TRUE,12.66391,TRUE,TRUE,0.62620306,0.46402422,66.635216,160.39116,58.37752,TRUE,TRUE,3.1347656,TRUE,TRUE,24.387505,-80.926315,656.1939,TRUE,TRUE,12.327652,TRUE,TRUE
2898121987,2948519214,0.6141309,0.45859578,60.26115,161.90619,58.928932,TRUE,TRUE,2.849945,TRUE,TRUE,-37.341156,-73.724205,654.62427,TRUE,TRUE,12.465363,TRUE,TRUE,0.62292814,0.47351223,64.90605,157.74315000000001,57.41375,TRUE,TRUE,3.1351013,TRUE,TRUE,24.372478,-80.91016,656.17017,TRUE,TRUE,12.667831,TRUE,TRUE
2898130320,2948527547,0.6124711,0.46463448,59.384773,160.22084,58.31552,TRUE,TRUE,2.8360443,TRUE,TRUE,-37.36905,-73.74157,654.6206,TRUE,TRUE,12.343857,TRUE,TRUE,0.62560153,0.47953492,66.3176,156.06232,56.80194,TRUE,TRUE,3.1291504,TRUE,TRUE,24.311913,-80.89113,656.0769,TRUE,TRUE,12.822128,TRUE,TRUE
2898138653,2948535881,0.5825688,0.5317347,43.596363,141.49396,51.49946,TRUE,TRUE,2.8278656,TRUE,TRUE,-37.448082,-73.82784,654.5886,TRUE,TRUE,12.051117,TRUE,TRUE,0.5923073,0.53912413,48.738308,139.43163,50.74888,TRUE,TRUE,3.117981,TRUE,TRUE,24.16138,-80.966064,656.18164,TRUE,TRUE,12.567017,TRUE,TRUE
2898146987,2948544215,0.53988100000000006,0.6138698,21.057177,118.57095,43.156303,TRUE,TRUE,2.8311462,TRUE,TRUE,-37.56418,-73.9505,654.71893,TRUE,TRUE,12.024841,TRUE,TRUE,0.5531284,0.6150661,28.0518,118.23712,43.034695,TRUE,TRUE,3.1126404,TRUE,TRUE,23.913242,-81.05173,656.0022,TRUE,TRUE,12.965088,TRUE,TRUE
2898155320,2948552548,0.5100737,0.6736162,5.318925,101.8965,37.087196,TRUE,TRUE,2.805313,TRUE,TRUE,-37.661236,-74.05463,654.6616,TRUE,TRUE,11.94278,TRUE,TRUE,0.5288662,0.679511,15.241373,100.25128,36.48839,TRUE,TRUE,3.11615,TRUE,TRUE,23.669233,-81.14797,655.9916,TRUE,TRUE,12.679962,TRUE,TRUE
2898163653,2948560881,0.4893462,0.7352758,-5.6252,84.68794,30.823849,TRUE,TRUE,2.8118744,TRUE,TRUE,-37.741,-74.173225,654.6281,TRUE,TRUE,11.9887085,TRUE,TRUE,0.5050563,0.7442827,2.6697626,82.17421,29.908901,TRUE,TRUE,3.102829,TRUE,TRUE,23.486372,-81.219246,655.8571,TRUE,TRUE,12.26799,TRUE,TRUE
2898171987,2948569215,0.47619808,0.7698822,-12.567411,75.02974,27.308512,TRUE,TRUE,2.8054352,TRUE,TRUE,-37.81653,-74.24535,654.6443,TRUE,TRUE,12.066681,TRUE,TRUE,0.49649888,0.778852,-1.8485641,72.52633,26.397339,TRUE,TRUE,3.0930939,TRUE,TRUE,23.372025,-81.27115,655.83887,TRUE,TRUE,12.1766815,TRUE,TRUE
2898180320,2948577548,0.4819777,0.7648937,-9.515777,76.42195,27.81526,TRUE,TRUE,2.815384,TRUE,TRUE,-37.888695,-74.25573,654.68665,TRUE,TRUE,12.364944,TRUE,TRUE,0.4967284,0.7821534,-1.7274203,71.60494,26.062056,TRUE,TRUE,3.0882874,TRUE,TRUE,23.333336,-81.25592,655.8154,TRUE,TRUE,12.022308,TRUE,TRUE
2898188653,2948585881,0.4806226,0.75674486,-10.23128,78.6962,28.64302,TRUE,TRUE,2.8043976,TRUE,TRUE,-37.97072,-74.2545,654.62866,TRUE,TRUE,12.169617,TRUE,TRUE,0.4998717,0.7665529,-0.06773275,75.958916,27.646687,TRUE,TRUE,3.0881348,TRUE,TRUE,23.326338,-81.22863,655.7688,TRUE,TRUE,12.113113,TRUE,TRUE
2898196987,2948594215,0.47953966,0.7620155,-10.803053,77.225204,28.107628,TRUE,TRUE,2.8025665,TRUE,TRUE,-38.02955,-74.2686,654.6721,TRUE,TRUE,12.0277405,TRUE,TRUE,0.49612716,0.77766806,-2.0448508,72.85678,26.517637,TRUE,TRUE,3.0808868,TRUE,TRUE,23.30857,-81.21821,655.7694,TRUE,TRUE,12.250534,TRUE,TRUE
2898205320,2948602548,0.47593313,0.7687156,-12.707302,75.355316,27.427015,TRUE,TRUE,2.804947,TRUE,TRUE,-38.08307,-74.27369,654.7637,TRUE,TRUE,12.074219,TRUE,TRUE,0.49567616,0.77203166,-2.282977,74.42983,27.090181,TRUE,TRUE,3.074463,TRUE,TRUE,23.270042,-81.19303,655.7722,TRUE,TRUE,11.741226,TRUE,TRUE
2898213653,2948610881,0.4772856,0.774233,-11.993172,73.81546,26.86657,TRUE,TRUE,2.7980957,TRUE,TRUE,-38.13676,-74.26048,654.6848,TRUE,TRUE,12.509842,TRUE,TRUE,0.4918601,0.7745165,-4.2978735,73.73633,26.837805,TRUE,TRUE,3.076767,TRUE,TRUE,23.234154,-81.14513,655.62756,TRUE,TRUE,11.501846,TRUE,TRUE
2898221987,2948619215,0.47528496,0.7707353,-13.049534,74.79161,27.221893,TRUE,TRUE,2.8083038,TRUE,TRUE,-38.18548,-74.27774,654.6792,TRUE,TRUE,11.705231,TRUE,TRUE,0.49333143,0.776566,-3.5210025,73.16436,26.629536,TRUE,TRUE,3.080658,TRUE,TRUE,23.209082,-81.12248,655.5819,TRUE,TRUE,11.591446,TRUE,TRUE
2898230320,2948627548,0.47278267,0.7758424,-14.370745,73.36626,26.703106,TRUE,TRUE,2.792511,TRUE,TRUE,-38.236473,-74.28048,654.72363,TRUE,TRUE,11.850281,TRUE,TRUE,0.4932441,0.77750117,-3.5671077,72.90332,26.534676,TRUE,TRUE,3.0629272,TRUE,TRUE,23.188732,-81.11185,655.55927,TRUE,TRUE,11.858231,TRUE,TRUE
2898238653,2948635881,0.4765752,0.77568614,-12.368304,73.40993,26.718964,TRUE,TRUE,2.7984467,TRUE,TRUE,-38.27768,-74.278809999999993,654.62317,TRUE,TRUE,11.688751,TRUE,TRUE,0.49455157,0.78067243,-2.8767757,72.01828,26.21247,TRUE,TRUE,3.073471,TRUE,TRUE,23.147585,-81.07264,655.3911,TRUE,TRUE,12.265717,TRUE,TRUE
2898246987,2948644215,0.47370386,0.7750194,-13.884366,73.595985,26.786705,TRUE,TRUE,2.8030853,TRUE,TRUE,-38.32369,-74.29633,654.7373,TRUE,TRUE,12.169998,TRUE,TRUE,0.4906585,0.7812338,-4.9323053,71.861595,26.155464,TRUE,TRUE,3.0672607,TRUE,TRUE,23.143074,-81.07019,655.53827,TRUE,TRUE,11.759781,TRUE,TRUE
2898255320,2948652548,0.47275752,0.77555925,-14.384036,73.44531,26.731878,TRUE,TRUE,2.7947845,TRUE,TRUE,-38.369823,-74.30362,654.75995,TRUE,TRUE,12.087082,TRUE,TRUE,0.49092066,0.7805392,-4.79388,72.055466,26.226032,TRUE,TRUE,3.062317,TRUE,TRUE,23.11585,-81.04883,655.4658,TRUE,TRUE,11.096146,TRUE,TRUE
2898263653,2948660881,0.47414657,0.77668023,-13.65061,73.13244,26.617968,TRUE,TRUE,2.8029175,TRUE,TRUE,-38.408253,-74.31407,654.68256,TRUE,TRUE,12.497574,TRUE,TRUE,0.491038,0.78328866,-4.7319307,71.2881,25.946747,TRUE,TRUE,3.066864,TRUE,TRUE,23.08616,-81.02619,655.3948,TRUE,TRUE,12.271515,TRUE,TRUE
2898271987,2948669215,0.4719649,0.7761066,-14.802523,73.29257,26.67625,TRUE,TRUE,2.7897491,TRUE,TRUE,-38.44399,-74.31887,654.653,TRUE,TRUE,12.405075,TRUE,TRUE,0.49117815,0.7832538,-4.6579475,71.29784,25.950272,TRUE,TRUE,3.0694733,TRUE,TRUE,23.06151,-81.00559,655.32495,TRUE,TRUE,12.089096,TRUE,TRUE
2898280320,2948677549,0.47111487,0.7754296,-15.251321,73.481476,26.74504,TRUE,TRUE,2.79953,TRUE,TRUE,-38.48237,-74.32344,654.6481,TRUE,TRUE,11.93605,TRUE,TRUE,0.49209124,0.78343195,-4.1758204,71.24811,25.93219,TRUE,TRUE,3.0636597,TRUE,TRUE,23.045153,-80.99411,655.37134,TRUE,TRUE,11.974258,TRUE,TRUE
2898288653,2948685882,0.4737477,0.7737984,-13.861206,73.936714,26.91077,TRUE,TRUE,2.7865143,TRUE,TRUE,-38.531273,-74.34375,654.74133,TRUE,TRUE,12.456024,TRUE,TRUE,0.49466506,0.7837907,-2.8168526,71.148026,25.89573,TRUE,TRUE,3.0602417,TRUE,TRUE,23.01988,-80.97969,655.32574,TRUE,TRUE,12.440613,TRUE,TRUE
2898296987,2948694216,0.47411448,0.77787745,-13.667547,72.798330000000007,26.496391,TRUE,TRUE,2.791031,TRUE,TRUE,-38.56453,-74.358406,654.71185,TRUE,TRUE,11.90097,TRUE,TRUE,0.49269244,0.7848798,-3.8583827,70.84404,25.785112,TRUE,TRUE,3.0534058,TRUE,TRUE,22.995667,-80.95798,655.2561,TRUE,TRUE,11.528122,TRUE,TRUE
2898305320,2948702549,0.47144905,0.7805613,-15.074889,72.04934,26.223696,TRUE,TRUE,2.795807,TRUE,TRUE,-38.59507,-74.35884,654.61304,TRUE,TRUE,12.053833,TRUE,TRUE,0.49231023,0.78660154,-4.060191,70.363525,25.610174,TRUE,TRUE,3.0635376,TRUE,TRUE,22.966438,-80.93303,655.16034,TRUE,TRUE,12.497498,TRUE,TRUE
2898313653,2948710882,0.471501,0.7770033,-15.047481,73.04227,26.585213,TRUE,TRUE,2.7987213,TRUE,TRUE,-38.628468,-74.37073,654.6592,TRUE,TRUE,12.142441,TRUE,TRUE,0.49252993,0.78655857,-3.9441915,70.37552,25.614586,TRUE,TRUE,3.0626068,TRUE,TRUE,22.946045,-80.92171,655.1378,TRUE,TRUE,11.528778,TRUE,TRUE
2898321987,2948719216,0.4727857,0.7771374,-14.36915,73.00486,26.571629,TRUE,TRUE,2.791153,TRUE,TRUE,-38.67461,-74.37703,654.67773,TRUE,TRUE,12.302719,TRUE,TRUE,0.49006703,0.7857221,-5.2446218,70.608986,25.699535,TRUE,TRUE,3.0715332,TRUE,TRUE,22.921745,-80.8967,655.0669,TRUE,TRUE,11.978256,TRUE,TRUE
2898330320,2948727549,0.4711988,0.78089535,-15.207036,71.95607,26.189837,TRUE,TRUE,2.7993774,TRUE,TRUE,-38.70521,-74.37109,654.5773,TRUE,TRUE,12.11676,TRUE,TRUE,0.49385178,0.7851147,-3.2462397,70.77847,25.761272,TRUE,TRUE,3.0710754,TRUE,TRUE,22.878635,-80.86699,654.8517,TRUE,TRUE,11.984741,TRUE,TRUE
2898338653,2948735882,0.47205344,0.7791827,-14.755791,72.43405,26.36383,TRUE,TRUE,2.8097382,TRUE,TRUE,-38.74366,-74.383446,654.66724,TRUE,TRUE,12.466263,TRUE,TRUE,0.4923634,0.78322256,-4.0321226,71.30658,25.953392,TRUE,TRUE,3.0562592,TRUE,TRUE,22.870384,-80.86823,655.0437,TRUE,TRUE,11.536789,TRUE,TRUE
2898346987,2948744216,0.4724567,0.7782283,-14.542848,72.700386,26.460756,TRUE,TRUE,2.796051,TRUE,TRUE,-38.782227,-74.39175,654.66473,TRUE,TRUE,11.965668,TRUE,TRUE,0.4924005,0.7856635,-4.012542,70.625336,25.70545,TRUE,TRUE,3.0701447,TRUE,TRUE,22.835262,-80.85881,654.9991,TRUE,TRUE,11.533722,TRUE,TRUE
2898355320,2948752549,0.47314885,0.78230166,-14.177383,71.56357,26.047005,TRUE,TRUE,2.8045502,TRUE,TRUE,-38.823074,-74.3871,654.58875,TRUE,TRUE,11.91095,TRUE,TRUE,0.48941258,0.7830461,-5.590149,71.35583,25.971365,TRUE,TRUE,3.063034,TRUE,TRUE,22.799377,-80.83528,654.85565,TRUE,TRUE,12.052444,TRUE,TRUE
2898363653,2948760882,0.4745945,0.77704775,-13.414095,73.02988,26.580673,TRUE,TRUE,2.7925568,TRUE,TRUE,-38.864258,-74.39373,654.6088,TRUE,TRUE,11.943268,TRUE,TRUE,0.4916877,0.7810638,-4.388865,71.909035,26.172726,TRUE,TRUE,3.0653687,TRUE,TRUE,22.772182,-80.83058,654.9292,TRUE,TRUE,12.064453,TRUE,TRUE
2898371987,2948769216,0.47286516,0.77876973,-14.327202,72.5493,26.405817,TRUE,TRUE,2.8112488,TRUE,TRUE,-38.902607,-74.41292,654.7009,TRUE,TRUE,12.170776,TRUE,TRUE,0.4914078,0.78750515,-4.536678,70.11134,25.518436,TRUE,TRUE,3.0723877,TRUE,TRUE,22.742111,-80.82142,654.88354,TRUE,TRUE,12.406113,TRUE,TRUE
2898380320,2948777549,0.46487424,0.7918867,-18.546396,68.888466,25.073391,TRUE,TRUE,2.8127441,TRUE,TRUE,-38.976322,-74.45867,654.6681,TRUE,TRUE,12.025223,TRUE,TRUE,0.48425972,0.7959351,-8.31083,67.75862,24.662165,TRUE,TRUE,3.0629883,TRUE,TRUE,22.640306,-80.84952,654.8628,TRUE,TRUE,11.603439,TRUE,TRUE
2898388653,2948785882,0.41377997,0.84022266,-45.524147,55.398506,20.163359,TRUE,TRUE,2.8162842,TRUE,TRUE,-39.08756,-74.534676,654.8028,TRUE,TRUE,12.109543,TRUE,TRUE,0.43213192,0.8441982,-35.83435,54.288948,19.759584,TRUE,TRUE,3.0776672,TRUE,TRUE,22.439348,-80.90087,654.90045,TRUE,TRUE,11.685425,TRUE,TRUE
2898396987,2948794216,0.38307846,0.88089645,-61.73455,44.046898,16.031773,TRUE,TRUE,2.815796,TRUE,TRUE,-39.144707,-74.49709,654.71313,TRUE,TRUE,12.17601,TRUE,TRUE,0.39926374,0.87187636,-53.188755,46.56431,16.948004,TRUE,TRUE,3.072174,TRUE,TRUE,22.285355,-80.75188,654.493,TRUE,TRUE,11.900833,TRUE,TRUE
2898405320,2948802549,0.35359168,0.89639044,-77.30359,39.722702,14.457878,TRUE,TRUE,2.8181305,TRUE,TRUE,-39.28328,-74.58039,654.7938,TRUE,TRUE,11.988205,TRUE,TRUE,0.3577855,0.89834106,-75.089264,39.17831,14.259733,TRUE,TRUE,3.0884857,TRUE,TRUE,22.096352,-80.799255,654.64545,TRUE,TRUE,11.511047,TRUE,TRUE
2898413653,2948810883,0.34054017,0.9255935,-84.19477,31.572468,11.491415,TRUE,TRUE,2.8233643,TRUE,TRUE,-39.35621,-74.62949,654.76184,TRUE,TRUE,12.387238,TRUE,TRUE,0.34794712,0.91559166,-80.283905,34.363853,12.507448,TRUE,TRUE,3.0822601,TRUE,TRUE,21.99419,-80.8165,654.55396,TRUE,TRUE,11.95726,TRUE,TRUE
2898421987,2948819217,0.35354626,0.9062847,-77.32757,36.96134,13.452811,TRUE,TRUE,2.8221436,TRUE,TRUE,-39.411987,-74.64395,654.8528,TRUE,TRUE,12.123505,TRUE,TRUE,0.36154503,0.8990707,-73.10423,38.974686,14.18562,TRUE,TRUE,3.0770874,TRUE,TRUE,21.975454,-80.79762,654.53156,TRUE,TRUE,11.962524,TRUE,TRUE
2898430320,2948827550,0.34914237,0.91181093,-79.65284,35.419064,12.891445,TRUE,TRUE,2.8303528,TRUE,TRUE,-39.462543,-74.66644,654.79614,TRUE,TRUE,12.471924,TRUE,TRUE,0.36039412,0.8991468,-73.7119,38.95343,14.177948,TRUE,TRUE,3.076004,TRUE,TRUE,21.972696,-80.80994,654.5294,TRUE,TRUE,11.100464,TRUE,TRUE
2898438653,2948835883,0.34786907,0.91217196,-80.32512,35.318287,12.854748,TRUE,TRUE,2.8392792,TRUE,TRUE,-39.494827,-74.670616,654.7455,TRUE,TRUE,11.815079,TRUE,TRUE,0.35720763,0.9033227,-75.39436,37.787987,13.753735,TRUE,TRUE,3.0791626,TRUE,TRUE,21.951883,-80.798355,654.4578,TRUE,TRUE,11.252274,TRUE,TRUE
2898446987,2948844217,0.3444115,0.91287565,-82.150734,35.121887,12.783308,TRUE,TRUE,2.8240356,TRUE,TRUE,-39.538353,-74.686615,654.7653,TRUE,TRUE,12.394394,TRUE,TRUE,0.36025092,0.90444034,-73.787506,37.476112,13.640118,TRUE,TRUE,3.085205,TRUE,TRUE,21.913761,-80.78293,654.3148,TRUE,TRUE,11.182526,TRUE,TRUE
2898455320,2948852550,0.348426,0.91377866,-80.031044,34.86986,12.691581,TRUE,TRUE,2.831833,TRUE,TRUE,-39.58554,-74.70651,654.8329,TRUE,TRUE,11.964905,TRUE,TRUE,0.36025095,0.90745443,-73.7875,36.63488,13.334017,TRUE,TRUE,3.088791,TRUE,TRUE,21.893877,-80.77144,654.29285,TRUE,TRUE,11.401749,TRUE,TRUE
2898463653,2948860883,0.3460394,0.91070044000000006,-81.29119,35.72898,13.004198,TRUE,TRUE,2.823166,TRUE,TRUE,-39.62361,-74.72258,654.82837,TRUE,TRUE,12.033249,TRUE,TRUE,0.3552838,0.9053804,-76.41013,37.213696,13.5447,TRUE,TRUE,3.0879822,TRUE,TRUE,21.881252,-80.76954,654.3194,TRUE,TRUE,11.320145,TRUE,TRUE
2898471987,2948869217,0.34579092,0.90984535,-81.42238,35.967613,13.091117,TRUE,TRUE,2.8231354,TRUE,TRUE,-39.645306,-74.72963,654.70386,TRUE,TRUE,11.749313,TRUE,TRUE,0.35639417,0.90556204,-75.823875,37.163033,13.526207,TRUE,TRUE,3.0973663,TRUE,TRUE,21.859028,-80.75736,654.2718,TRUE,TRUE,11.348312,TRUE,TRUE
2898480320,2948877550,0.34504697,0.9133754,-81.8152,34.982403,12.73255,TRUE,TRUE,2.8242645,TRUE,TRUE,-39.69323,-74.75394,654.86816,TRUE,TRUE,12.535492,TRUE,TRUE,0.35912862,0.9110671,-74.38008,35.626595,12.967015,TRUE,TRUE,3.0872498,TRUE,TRUE,21.838247,-80.74952,654.272,TRUE,TRUE,11.559433,TRUE,TRUE
2898488653,2948885883,0.34236625,0.91243404,-83.23064,35.245132,12.82817,TRUE,TRUE,2.8302155,TRUE,TRUE,-39.723618,-74.76658,654.8875,TRUE,TRUE,12.114212,TRUE,TRUE,0.35806704,0.9082955,-74.9406,36.40013,13.248573,TRUE,TRUE,3.1009827,TRUE,TRUE,21.81763,-80.74417,654.2742,TRUE,TRUE,11.299774,TRUE,TRUE
2898496987,2948894217,0.3450005,0.9138808,-81.83974,34.841354,12.681192,TRUE,TRUE,2.8304749,TRUE,TRUE,-39.75196,-74.77565,654.8612,TRUE,TRUE,12.199142,TRUE,TRUE,0.35650435,0.909051,-75.76569,36.189285,13.171822,TRUE,TRUE,3.098053,TRUE,TRUE,21.799158,-80.73159,654.2018,TRUE,TRUE,11.896088,TRUE,TRUE
2898505320,2948902550,0.3451611,0.9140742,-81.75493,34.787407,12.6615505,TRUE,TRUE,2.828415,TRUE,TRUE,-39.782257,-74.78601,654.8093,TRUE,TRUE,11.6684265,TRUE,TRUE,0.35807407,0.9094062,-74.936874,36.0902,13.13569,TRUE,TRUE,3.1051483,TRUE,TRUE,21.780975,-80.729546,654.20233,TRUE,TRUE,11.638916,TRUE,TRUE
2898513653,2948910883,0.34333304,0.91521156,-82.720146,34.469944,12.5460415,TRUE,TRUE,2.830429,TRUE,TRUE,-39.80842,-74.79614,654.8799,TRUE,TRUE,12.311218,TRUE,TRUE,0.3566386,0.9087775,-75.694820000000007,36.265617,13.199594,TRUE,TRUE,3.112091,TRUE,TRUE,21.768242,-80.72135,654.204,TRUE,TRUE,11.288986,TRUE,TRUE
2898521987,2948919217,0.3425954,0.91627043,-83.10962,34.174427,12.438406,TRUE,TRUE,2.8276367,TRUE,TRUE,-39.837807,-74.81506,655.00085,TRUE,TRUE,11.679138,TRUE,TRUE,0.36170012,0.90885216,-73.02233,36.24479,13.192005,TRUE,TRUE,3.102417,TRUE,TRUE,21.744984,-80.7062,654.0846,TRUE,TRUE,11.48822,TRUE,TRUE
2898530320,2948927550,0.34523138,0.9180596,-81.717834,33.675087,12.256714,TRUE,TRUE,2.8348236,TRUE,TRUE,-39.85382,-74.83031,655.01953,TRUE,TRUE,11.970169,TRUE,TRUE,0.36054713,0.91366833,-73.63112,34.900658,12.7027855,TRUE,TRUE,3.1154938,TRUE,TRUE,21.73791,-80.69844,654.06116,TRUE,TRUE,11.171661,TRUE,TRUE
2898538653,2948935883,0.34802902,0.9194921,-80.24067,33.2753,12.111214,TRUE,TRUE,2.837738,TRUE,TRUE,-39.867783,-74.819016,654.87354,TRUE,TRUE,12.073883,TRUE,TRUE,0.359627,0.9101429,-74.11693,35.88456,13.060909,TRUE,TRUE,3.1142426,TRUE,TRUE,21.731455,-80.69477,654.01294,TRUE,TRUE,11.572769,TRUE,TRUE
2898546987,2948944217,0.345541,0.918182,-81.55436,33.64094,12.244297,TRUE,TRUE,2.8420563,TRUE,TRUE,-39.880074,-74.85543,655.09155,TRUE,TRUE,12.556274,TRUE,TRUE,0.35958162,0.9104631,-74.1409,35.795204,13.028368,TRUE,TRUE,3.1210785,TRUE,TRUE,21.728897,-80.692345,654.01154,TRUE,TRUE,11.409592,TRUE,TRUE
2898555320,2948952551,0.34862602,0.9139502,-79.925446,34.821983,12.674185,TRUE,TRUE,2.8467407,TRUE,TRUE,-39.885635,-74.864944,655.1151,TRUE,TRUE,12.33107,TRUE,TRUE,0.36041296,0.9099374,-73.70195,35.94193,13.081765,TRUE,TRUE,3.1096802,TRUE,TRUE,21.731579,-80.6895,654.0117,TRUE,TRUE,11.61998,TRUE,TRUE
2898563653,2948960884,0.3474763,0.9187064,-80.532524,33.4946,12.190975,TRUE,TRUE,2.8456116,TRUE,TRUE,-39.8911,-74.8763,655.1636,TRUE,TRUE,11.770782,TRUE,TRUE,0.36308807,0.9095716,-72.289505,36.043995,13.118956,TRUE,TRUE,3.119751,TRUE,TRUE,21.731739,-80.68434,653.9892,TRUE,TRUE,11.390274,TRUE,TRUE
2898571987,2948969218,0.3463336,0.91885996,-81.13585,33.45173,12.175437,TRUE,TRUE,2.848343,TRUE,TRUE,-39.888397,-74.8787,655.1643,TRUE,TRUE,12.36145,TRUE,TRUE,0.36105508,0.9072157,-73.3629,36.701508,13.358229,TRUE,TRUE,3.1193695,TRUE,TRUE,21.735748,-80.67675,653.9389,TRUE,TRUE,11.361084,TRUE,TRUE
2898580320,2948977551,0.3489487,0.91784275,-79.7551,33.735634,12.278717,TRUE,TRUE,2.847702,TRUE,TRUE,-39.889187,-74.88281,655.21265,TRUE,TRUE,12.54335,TRUE,TRUE,0.36581594,0.90650725,-70.84918,36.89922,13.430201,TRUE,TRUE,3.1280823,TRUE,TRUE,21.734674,-80.66588,653.8439,TRUE,TRUE,11.260284,TRUE,TRUE
2898588653,2948985884,0.3466062,0.9159435,-80.99193,34.26569,12.471643,TRUE,TRUE,2.8524628,TRUE,TRUE,-39.886406,-74.87825,655.21326,TRUE,TRUE,12.138229,TRUE,TRUE,0.3594855,0.91025746,-74.191635,35.852623,13.0492,TRUE,TRUE,3.1230164,TRUE,TRUE,21.76115,-80.653885,654.0584,TRUE,TRUE,11.432175,TRUE,TRUE
2898596987,2948994218,0.34779125,0.91507983,-80.366196,34.50673,12.559381,TRUE,TRUE,2.8526459,TRUE,TRUE,-39.88658,-74.874756,655.21216,TRUE,TRUE,12.19548,TRUE,TRUE,0.36143854,0.90642625,-73.160446,36.921837,13.438459,TRUE,TRUE,3.1149597,TRUE,TRUE,21.761934,-80.6417,654.13257,TRUE,TRUE,11.539383,TRUE,TRUE
2898605320,2949002551,0.34685695,0.92203397,-80.85953,32.565895,11.852974,TRUE,TRUE,2.8554077,TRUE,TRUE,-39.881535,-74.863304,655.237,TRUE,TRUE,11.891571,TRUE,TRUE,0.35851988,0.91063946,-74.701515,35.74598,13.010433,TRUE,TRUE,3.1313171,TRUE,TRUE,21.772789,-80.614456,654.13135,TRUE,TRUE,11.33255,TRUE,TRUE
2898613653,2949010884,0.34786874,0.9136474,-80.32532,34.906506,12.704913,TRUE,TRUE,2.8496552,TRUE,TRUE,-39.882534,-74.858444,655.3348,TRUE,TRUE,12.399185,TRUE,TRUE,0.35797918,0.91048384,-74.986984,35.7894,13.026254,TRUE,TRUE,3.1302948,TRUE,TRUE,21.782795,-80.59538,654.13135,TRUE,TRUE,11.33226,TRUE,TRUE
2898621987,2949019218,0.34503257,0.91984653,-81.822784,33.1764,12.075174,TRUE,TRUE,2.8499146,TRUE,TRUE,-39.87463,-74.84276,655.3363,TRUE,TRUE,12.456314,TRUE,TRUE,0.36226436,0.9081169,-72.72441,36.449997,13.266716,TRUE,TRUE,3.1236267,TRUE,TRUE,21.788542,-80.56933,654.0834,TRUE,TRUE,10.993637,TRUE,TRUE
2898630320,2949027551,0.3462022,0.9251404,-81.205246,31.698902,11.537515,TRUE,TRUE,2.8556213,TRUE,TRUE,-39.87259,-74.827515,655.3602,TRUE,TRUE,11.721176,TRUE,TRUE,0.36097568,0.9114685,-73.404816,35.514606,12.9262,TRUE,TRUE,3.130783,TRUE,TRUE,21.797554,-80.53971,654.03314,TRUE,TRUE,11.214996,TRUE,TRUE
2898638653,2949035884,0.34489262,0.91918063,-81.8967,33.362244,12.142819,TRUE,TRUE,2.8490295,TRUE,TRUE,-39.859077,-74.81981,655.31287,TRUE,TRUE,11.223419,TRUE,TRUE,0.35698867,0.91228175,-75.50997,35.28761,12.843679,TRUE,TRUE,3.1428375,TRUE,TRUE,21.8125,-80.51103,654.08124,TRUE,TRUE,10.83342,TRUE,TRUE
2898646987,2949044218,0.34549838,0.9184805,-81.57684,33.557636,12.213929,TRUE,TRUE,2.8571472,TRUE,TRUE,-39.85662,-74.81065,655.3373,TRUE,TRUE,12.066452,TRUE,TRUE,0.3564238,0.9112879,-75.80824,35.56501,12.944574,TRUE,TRUE,3.1410065,TRUE,TRUE,21.82416,-80.48615,654.1292,TRUE,TRUE,11.467941,TRUE,TRUE
2898655320,2949052551,0.34554106,0.9196615,-81.554306,33.22802,12.0940075,TRUE,TRUE,2.8566132,TRUE,TRUE,-39.8517,-74.808495,655.3389,TRUE,TRUE,11.730103,TRUE,TRUE,0.35795707,0.91368103,-74.99866,34.897125,12.701489,TRUE,TRUE,3.1279755,TRUE,TRUE,21.831446,-80.44932,654.03235,TRUE,TRUE,11.711166,TRUE,TRUE
2898663653,2949060884,0.3442586,0.91890615,-82.23143,33.438843,12.170698,TRUE,TRUE,2.8577118,TRUE,TRUE,-39.8463,-74.80632,655.3158,TRUE,TRUE,11.621277,TRUE,TRUE,0.35727698,0.9145611,-75.35774,34.651497,12.612122,TRUE,TRUE,3.1321564,TRUE,TRUE,21.83759,-80.42997,653.9827,TRUE,TRUE,11.179733,TRUE,TRUE
2898671987,2949069218,0.34455156,0.92166907,-82.07677,32.667747,11.890092,TRUE,TRUE,2.859146,TRUE,TRUE,-39.84438,-74.80888,655.4112,TRUE,TRUE,12.225388,TRUE,TRUE,0.359136,0.91336703,-74.37619,34.98475,12.733364,TRUE,TRUE,3.1495361,TRUE,TRUE,21.846745,-80.410774,654.03125,TRUE,TRUE,11.773499,TRUE,TRUE
2898680320,2949077551,0.3424867,0.92129135,-83.16701,32.773132,11.928442,TRUE,TRUE,2.862442,TRUE,TRUE,-39.836624,-74.810486,655.41187,TRUE,TRUE,11.52179,TRUE,TRUE,0.3563166,0.911996,-75.86482,35.367386,12.872613,TRUE,TRUE,3.149231,TRUE,TRUE,21.858744,-80.399055,654.07996,TRUE,TRUE,11.414719,TRUE,TRUE
2898688653,2949085884,0.34469193,0.91970176,-82.00267,33.21679,12.089916,TRUE,TRUE,2.8573303,TRUE,TRUE,-39.82933,-74.80743,655.43604,TRUE,TRUE,11.494965,TRUE,TRUE,0.3582803,0.9103995,-74.82799,35.81292,13.034882,TRUE,TRUE,3.1410217,TRUE,TRUE,21.8689,-80.3717,654.08,TRUE,TRUE,10.942276,TRUE,TRUE
2898696987,2949094219,0.34508490000000003,0.91630447,-81.79518,34.16493,12.435003,TRUE,TRUE,2.8691254,TRUE,TRUE,-39.819542,-74.805885,655.48865,TRUE,TRUE,11.810287,TRUE,TRUE,0.3594602,0.91391426,-74.205,34.83201,12.677797,TRUE,TRUE,3.1545258,TRUE,TRUE,21.879202,-80.34299,653.9593,TRUE,TRUE,11.252686,TRUE,TRUE
2898705320,2949102552,0.3447098,0.91520905,-81.993195,34.47065,12.54624,TRUE,TRUE,2.8605194,TRUE,TRUE,-39.80943,-74.80839,655.5125,TRUE,TRUE,11.941269,TRUE,TRUE,0.35881156,0.912004,-74.5475,35.36514,12.871834,TRUE,TRUE,3.1309814,TRUE,TRUE,21.889526,-80.322525,653.9586,TRUE,TRUE,11.1202545,TRUE,TRUE
2898713653,2949110885,0.3431821,0.9184171,-82.799866,33.57537,12.220362,TRUE,TRUE,2.8577423,TRUE,TRUE,-39.79476,-74.81053,655.58624,TRUE,TRUE,11.965149,TRUE,TRUE,0.362317,0.905905,-72.69664,37.067326,13.491339,TRUE,TRUE,3.1738892,TRUE,TRUE,21.909065,-80.3047,653.98065,TRUE,TRUE,11.094574,TRUE,TRUE
2898721987,2949119219,0.34101322,0.9176326,-83.94501,33.794266,12.300102,TRUE,TRUE,2.8619385,TRUE,TRUE,-39.77079,-74.796005,655.5393,TRUE,TRUE,12.157227,TRUE,TRUE,0.35986167,0.9127145,-73.99303,35.166866,12.799684,TRUE,TRUE,3.1498108,TRUE,TRUE,21.929707,-80.26627,653.882,TRUE,TRUE,11.501038,TRUE,TRUE
2898730320,2949127552,0.34366423,0.9156853,-82.54529,34.33776,12.497871,TRUE,TRUE,2.8687744,TRUE,TRUE,-39.753624,-74.78464,655.5671,TRUE,TRUE,11.807922,TRUE,TRUE,0.3569373,0.9124527,-75.5371,35.2399,12.826287,TRUE,TRUE,3.1547241,TRUE,TRUE,21.957087,-80.23175,653.83276,TRUE,TRUE,11.204788,TRUE,TRUE
2898738653,2949135885,0.3453875,0.91731566,-81.6354,33.88269,12.332319,TRUE,TRUE,2.8694153,TRUE,TRUE,-39.72538,-74.762405,655.5697,TRUE,TRUE,12.391556,TRUE,TRUE,0.3573894,0.91499394,-75.29841,34.53071,12.568072,TRUE,TRUE,3.1531525,TRUE,TRUE,21.98777,-80.19205,653.83215,TRUE,TRUE,11.186951,TRUE,TRUE
2898746987,2949144219,0.3441804,0.91573864,-82.27273,34.322834,12.492517,TRUE,TRUE,2.8580322,TRUE,TRUE,-39.694595,-74.73637,655.57477,TRUE,TRUE,11.69342,TRUE,TRUE,0.36137968,0.9160909,-73.19153,34.224545,12.456694,TRUE,TRUE,3.1543884,TRUE,TRUE,22.012974,-80.14444,653.8322,TRUE,TRUE,11.45433,TRUE,TRUE
2898755320,2949152552,0.34219795,0.9192161,-83.31949,33.35234,12.139176,TRUE,TRUE,2.8700562,TRUE,TRUE,-39.656128,-74.705956,655.57837,TRUE,TRUE,12.248123,TRUE,TRUE,0.36409992,0.9171834,-71.75525,33.919662,12.3456955,TRUE,TRUE,3.1560822,TRUE,TRUE,22.033768,-80.08546,653.58936,TRUE,TRUE,11.111359,TRUE,TRUE
2898763653,2949160885,0.34190917,0.9172745,-83.47198,33.89424,12.3364525,TRUE,TRUE,2.8692017,TRUE,TRUE,-39.625458,-74.677536,655.583,TRUE,TRUE,12.185318,TRUE,TRUE,0.35958913,0.91234344,-74.136925,35.270412,12.837375,TRUE,TRUE,3.158554,TRUE,TRUE,22.074966,-80.04256,653.61206,TRUE,TRUE,11.30127,TRUE,TRUE
2898771987,2949169219,0.3456649,0.9202975,-81.48894,33.050552,12.029366,TRUE,TRUE,2.8802185,TRUE,TRUE,-39.59755,-74.638794,655.6096,TRUE,TRUE,12.075348,TRUE,TRUE,0.3569169,0.9149475,-75.54785,34.543655,12.5728445,TRUE,TRUE,3.1631165,TRUE,TRUE,22.123493,-79.98369,653.6345,TRUE,TRUE,11.57663,TRUE,TRUE
2898780320,2949177552,0.3447633,0.91618973,-81.96496,34.19694,12.446731,TRUE,TRUE,2.8751526,TRUE,TRUE,-39.55162,-74.60204,655.63916,TRUE,TRUE,11.559097,TRUE,TRUE,0.35963938,0.9120381,-74.1104,35.35562,12.868422,TRUE,TRUE,3.155426,TRUE,TRUE,22.160782,-79.933975,653.55884,TRUE,TRUE,10.982208,TRUE,TRUE
2898788653,2949185885,0.34259188,0.917233,-83.11148,33.905785,12.340694,TRUE,TRUE,2.871933,TRUE,TRUE,-39.50264,-74.55585,655.6443,TRUE,TRUE,11.699951,TRUE,TRUE,0.36045992,0.91348755,-73.677155,34.9511,12.721155,TRUE,TRUE,3.1529236,TRUE,TRUE,22.208,-79.87043,653.5066,TRUE,TRUE,10.863571,TRUE,TRUE
2898796987,2949194219,0.34677503,0.91287434,-80.90278,35.122227,12.783442,TRUE,TRUE,2.8677673,TRUE,TRUE,-39.46458,-74.51443,655.6709,TRUE,TRUE,12.26445,TRUE,TRUE,0.35747966,0.9136708,-75.25075,34.89995,12.702536,TRUE,TRUE,3.1593933,TRUE,TRUE,22.263641,-79.814095,653.5537,TRUE,TRUE,11.40686,TRUE,TRUE
2898805320,2949202552,0.3430738,0.91386056,-82.85703,34.846992,12.683249,TRUE,TRUE,2.8656769,TRUE,TRUE,-39.402603,-74.46185,655.6323,TRUE,TRUE,12.8719635,TRUE,TRUE,0.35431075,0.91118586,-76.92392,35.593475,12.954932,TRUE,TRUE,3.1566315,TRUE,TRUE,22.321121,-79.75808,653.52563,TRUE,TRUE,11.748611,TRUE,TRUE
2898813653,2949210885,0.34302425,0.9192216,-82.883194,33.3508,12.138691,TRUE,TRUE,2.8765564,TRUE,TRUE,-39.343636,-74.41564,655.63855,TRUE,TRUE,11.998184,TRUE,TRUE,0.35993314,0.91289246,-73.95529,35.117195,12.78162,TRUE,TRUE,3.1612854,TRUE,TRUE,22.372704,-79.68345,653.3804,TRUE,TRUE,11.265686,TRUE,TRUE
2898821987,2949219219,0.34571493,0.9156561,-81.46251,34.345905,12.500881,TRUE,TRUE,2.8697052,TRUE,TRUE,-39.283997,-74.3583,655.5471,TRUE,TRUE,12.0563965,TRUE,TRUE,0.3576271,0.91102326,-75.1729,35.63884,12.971455,TRUE,TRUE,3.1602325000000002,TRUE,TRUE,22.43882,-79.64728,653.52216,TRUE,TRUE,11.444992,TRUE,TRUE
2898830320,2949227552,0.34408832,0.91783464,-82.321365,33.737907,12.279552,TRUE,TRUE,2.8762054,TRUE,TRUE,-39.214413,-74.31596,655.5059,TRUE,TRUE,11.654236,TRUE,TRUE,0.3596333,0.912152,-74.11361,35.323856,12.856817,TRUE,TRUE,3.1648254,TRUE,TRUE,22.494932,-79.57971,653.30255,TRUE,TRUE,11.100555,TRUE,TRUE
2898838653,2949235886,0.34460306,0.91677,-82.04955,34.034996,12.387753,TRUE,TRUE,2.8686676,TRUE,TRUE,-39.15022,-74.27125,655.5118,TRUE,TRUE,11.882278,TRUE,TRUE,0.35662842,0.9127964,-75.70018,35.144,12.791355,TRUE,TRUE,3.1586761,TRUE,TRUE,22.57638,-79.53553,653.3462,TRUE,TRUE,10.71051,TRUE,TRUE
